Workbook

Sheet HUM TEMP
A1: Nº Muestra | B1: Lata | C1: Plot | D1: Muestreo | E1: Fecha | F1: Peso Tara | G1: Peso Húmedo | H1: Peso Seco | I1: Chala | J1: HUMEDAD | K1: HUM X | L1: DE | M1: Nº muestreo | N1: TSG | O1: PESO GRANO | P1: MF | Q1: MC | R1: Comportamiento Peso | S1: Comportamiento HUM X | T1: Decisión | U1: Column 21
A2: 393 | B2: 43 | C2: 101 | D2: 2 | E2: 43517 | F2: 5211 | G2: 6772 | H2: 6127 | I2: 10 | J2: =+(((G2-F2)-(H2-F2))/(H2-F2))*100 | K2: =AVERAGE(J2:J3) | L2: =_xlfn.STDEV.S(J2,J3) | M2: 2 | O2: =+(H2-F2)/10 | P2: FALSO | Q2: FALSO | R2: Esperado | S2: Esperado | T2: Se descarta
A3: 394 | B3: 44 | C3: 101 | D3: 2 | E3: 43517 | F3: 5218 | G3: 6781 | H3: 6171 | J3: =+(((G3-F3)-(H3-F3))/(H3-F3))*100 | O3: =+(H3-F3)/10 | P3: FALSO | Q3: FALSO | R3: Esperado | S3: Esperado | T3: Se descarta
A4: 1047 | B4: 1 | C4: 101 | D4: 4 | E4: 43524 | F4: 5301 | G4: 7573 | H4: 6914 | I4: 5 | J4: =+(((G4-F4)-(H4-F4))/(H4-F4))*100 | K4: =AVERAGE(J4:J5) | L4: =_xlfn.STDEV.S(J4,J5) | O4: =+(H4-F4)/10 | P4: FALSO | Q4: FALSO | R4: Esperado | S4: Esperado | T4: Se descarta
A5: 1048 | B5: 2 | C5: 101 | D5: 4 | E5: 43524 | F5: 5190 | G5: 7578 | H5: 6882 | J5: =+(((G5-F5)-(H5-F5))/(H5-F5))*100 | O5: =+(H5-F5)/10 | P5: FALSO | Q5: FALSO | R5: Esperado | S5: Esperado | T5: Se descarta
A6: 1697 | B6: 1 | C6: 101 | D6: 6 | E6: 43535 | F6: 5301 | G6: 7320 | H6: 6881 | I6: 5 | J6: =+(((G6-F6)-(H6-F6))/(H6-F6))*100 | K6: =AVERAGE(J6:J7) | L6: =_xlfn.STDEV.S(J6,J7) | O6: =+(H6-F6)/10 | P6: FALSO | Q6: FALSO | R6: No Esperado | S6: Esperado | T6: Se descarta
A7: 1698 | B7: 2 | C7: 101 | D7: 6 | E7: 43535 | F7: 5190 | G7: 7209 | H7: 6778 | J7: =+(((G7-F7)-(H7-F7))/(H7-F7))*100 | O7: =+(H7-F7)/10 | P7: FALSO | Q7: FALSO | R7: No Esperado | S7: Esperado | T7: Se descarta
A8: 2231 | B8: 1 | C8: 101 | D8: 8 | E8: 43550 | F8: 5301 | G8: 7553 | H8: 7123 | J8: =+(((G8-F8)-(H8-F8))/(H8-F8))*100 | K8: =AVERAGE(J8:J9) | L8: =_xlfn.STDEV.S(J8,J9) | O8: =+(H8-F8)/10 | P8: FALSO | Q8: FALSO | R8: Esperado | S8: Esperado | T8: Se descarta
A9: 2232 | B9: 2 | C9: 101 | D9: 8 | E9: 43550 | F9: 5190 | G9: 7463 | H9: 7021 | J9: =+(((G9-F9)-(H9-F9))/(H9-F9))*100 | O9: =+(H9-F9)/10 | P9: FALSO | Q9: FALSO | R9: Esperado | S9: Esperado | T9: Se descarta
A10: 2719 | B10: 91 | C10: 101 | D10: 10 | E10: 43564 | F10: 5252 | G10: 7277 | H10: 7004 | J10: =+(((G10-F10)-(H10-F10))/(H10-F10))*100 | K10: =AVERAGE(J10:J11) | L10: =_xlfn.STDEV.S(J10,J11) | M10: =(K8-K10)/14 | N10: =(K6-K10)/29 | O10: =+(H10-F10)/10 | P10: FALSO | Q10: VERDADERO | R10: Esperado | S10: Esperado | T10: Se descarta
A11: 2720 | B11: 92 | C11: 101 | D11: 10 | E11: 43564 | F11: 5241 | G11: 7344 | H11: 7057 | J11: =+(((G11-F11)-(H11-F11))/(H11-F11))*100 | O11: =+(H11-F11)/10 | P11: FALSO | Q11: FALSO | R11: Esperado | S11: Esperado | T11: Se descarta
A12: 1 | B12: 1 | C12: 102 | D12: 1 | E12: 43514 | F12: 5301 | G12: 7194 | H12: 6963 | I12: 12 | J12: =+(((G12-F12)-(H12-F12))/(H12-F12))*100 | K12: =AVERAGE(J12:J13) | L12: =_xlfn.STDEV.S(J12,J13) | M12: 1 | O12: =+(H12-F12)/10 | P12: FALSO | Q12: VERDADERO | R12: Esperado | S12: No Esperado | T12: Se descarta
A13: 2 | B13: 2 | C13: 102 | D13: 1 | E13: 43514 | F13: 5190 | G13: 6963 | H13: 6746 | J13: =+(((G13-F13)-(H13-F13))/(H13-F13))*100 | O13: =+(H13-F13)/10 | P13: FALSO | Q13: FALSO | R13: Esperado | S13: No Esperado | T13: Se descarta
A14: 655 | B14: 1 | C14: 102 | D14: 3 | E14: 43521 | F14: 5301 | G14: 7084 | H14: 6795 | I14: 9 | J14: =+(((G14-F14)-(H14-F14))/(H14-F14))*100 | K14: =AVERAGE(J14:J15) | L14: =_xlfn.STDEV.S(J14,J15) | O14: =+(H14-F14)/10 | P14: FALSO | Q14: FALSO | R14: No Esperado | S14: No Esperado | T14: Se descarta
A15: 656 | B15: 2 | C15: 102 | D15: 3 | E15: 43521 | F15: 5190 | G15: 7038 | H15: 6739 | J15: =+(((G15-F15)-(H15-F15))/(H15-F15))*100 | O15: =+(H15-F15)/10 | P15: FALSO | Q15: FALSO | R15: No Esperado | S15: No Esperado | T15: Se descarta
A16: 1305 | B16: 1 | C16: 102 | D16: 5 | E16: 43531 | F16: 5301 | G16: 7798 | H16: 7403 | I16: 8 | J16: =+(((G16-F16)-(H16-F16))/(H16-F16))*100 | K16: =AVERAGE(J16:J17) | L16: =_xlfn.STDEV.S(J16,J17) | O16: =+(H16-F16)/10 | P16: FALSO | Q16: FALSO | R16: Esperado | S16: No Esperado | T16: Se descarta
A17: 1306 | B17: 2 | C17: 102 | D17: 5 | E17: 43531 | F17: 5190 | G17: 7592 | H17: 7198 | J17: =+(((G17-F17)-(H17-F17))/(H17-F17))*100 | O17: =+(H17-F17)/10 | P17: FALSO | Q17: FALSO | R17: Esperado | S17: No Esperado | T17: Se descarta
A18: 1955 | B18: 1 | C18: 102 | D18: 7 | E18: 43545 | F18: 5301 | G18: 6797 | H18: 6591 | J18: =+(((G18-F18)-(H18-F18))/(H18-F18))*100 | K18: =AVERAGE(J18:J19) | L18: =_xlfn.STDEV.S(J18,J19) | M18: =+(K16-K18)/14 | O18: =+(H18-F18)/10 | P18: FALSO | Q18: FALSO | R18: No Esperado | S18: No Esperado | T18: Se descarta
A19: 1956 | B19: 2 | C19: 102 | D19: 7 | E19: 43545 | F19: 5190 | G19: 6490 | H19: 6309 | J19: =+(((G19-F19)-(H19-F19))/(H19-F19))*100 | O19: =+(H19-F19)/10 | P19: FALSO | Q19: FALSO | R19: No Esperado | S19: No Esperado | T19: Se descarta
A20: 395 | B20: 45 | C20: 103 | D20: 2 | E20: 43517 | F20: 5211 | G20: 8973 | H20: 7561 | I20: 9 | J20: =+(((G20-F20)-(H20-F20))/(H20-F20))*100 | K20: =AVERAGE(J20:J21) | L20: 0 | M20: 3 | O20: =+(H20-F20)/10 | P20: FALSO | Q20: FALSO | R20: Esperado | S20: Esperado | T20: Dato Válido
A21: 396 | B21: 46 | C21: 103 | D21: 2 | E21: 43517 | F21: 5260 | G21: 8782 | O21: =+(H21-F21)/10 | P21: FALSO | Q21: FALSO | R21: No Esperado | S21: Esperado | T21: Se descarta
A22: 1049 | B22: 3 | C22: 103 | D22: 4 | E22: 43524 | F22: 5258 | G22: 9043 | H22: 7752 | I22: 6 | J22: =+(((G22-F22)-(H22-F22))/(H22-F22))*100 | K22: =AVERAGE(J22:J23) | L22: =_xlfn.STDEV.S(J22,J23) | O22: =+(H22-F22)/10 | P22: FALSO | Q22: FALSO | R22: Esperado | S22: Esperado | T22: Dato Válido
A23: 1050 | B23: 4 | C23: 103 | D23: 4 | E23: 43524 | F23: 5259 | G23: 9268 | H23: 7868 | J23: =+(((G23-F23)-(H23-F23))/(H23-F23))*100 | O23: =+(H23-F23)/10 | P23: FALSO | Q23: FALSO | R23: Esperado | S23: Esperado | T23: Dato Válido
A24: 1699 | B24: 3 | C24: 103 | D24: 6 | E24: 43535 | F24: 5258 | G24: 8960 | H24: 7926 | I24: 7 | J24: =+(((G24-F24)-(H24-F24))/(H24-F24))*100 | K24: =AVERAGE(J24:J25) | L24: =_xlfn.STDEV.S(J24,J25) | O24: =+(H24-F24)/10 | P24: VERDADERO | Q24: FALSO | R24: Esperado | S24: Esperado | T24: Dato Válido
A25: 1700 | B25: 4 | C25: 103 | D25: 6 | E25: 43535 | F25: 5259 | G25: 8837 | H25: 7824 | J25: =+(((G25-F25)-(H25-F25))/(H25-F25))*100 | O25: =+(H25-F25)/10 | P25: FALSO | Q25: FALSO | R25: No Esperado | S25: Esperado | T25: Dato Válido
A26: 2413 | B26: 1 | C26: 103 | D26: 9 | E26: 43557 | F26: 5301 | G26: 8089 | H26: 7674 | J26: =+(((G26-F26)-(H26-F26))/(H26-F26))*100 | K26: =AVERAGE(J26:J27) | L26: =_xlfn.STDEV.S(J26,J27) | O26: =+(H26-F26)/10 | P26: FALSO | Q26: FALSO | R26: No Esperado | S26: Esperado | T26: Dato Válido
A27: 2414 | B27: 2 | C27: 103 | D27: 9 | E27: 43557 | F27: 5190 | G27: 8136 | H27: 7688 | J27: =+(((G27-F27)-(H27-F27))/(H27-F27))*100 | O27: =+(H27-F27)/10 | P27: FALSO | Q27: FALSO | R27: No Esperado | S27: Esperado | T27: Dato Válido
A28: 3061 | B28: 1 | C28: 103 | D28: 12 | E28: 43577 | F28: 5301 | G28: 8387 | H28: 7976 | J28: =+(((G28-F28)-(H28-F28))/(H28-F28))*100 | K28: =AVERAGE(J28:J29) | L28: =_xlfn.STDEV.S(J28,J29) | M28: =+(K26-K28)/20 | N28: =+(K24-K28)/42 | O28: =+(H28-F28)/10 | P28: FALSO | Q28: VERDADERO | R28: Esperado | S28: Esperado | T28: Dato Válido
A29: 3062 | B29: 2 | C29: 103 | D29: 12 | E29: 43577 | F29: 5190 | G29: 8267 | H29: 7837 | J29: =+(((G29-F29)-(H29-F29))/(H29-F29))*100 | O29: =+(H29-F29)/10 | P29: FALSO | Q29: FALSO | R29: Esperado | S29: Esperado | T29: Dato Válido
A30: 3 | B30: 3 | C30: 104 | D30: 1 | E30: 43514 | F30: 5258 | G30: 8211 | H30: 7784 | I30: 8 | J30: =+(((G30-F30)-(H30-F30))/(H30-F30))*100 | K30: =AVERAGE(J30:J31) | L30: =_xlfn.STDEV.S(J30,J31) | M30: 1 | O30: =+(H30-F30)/10 | P30: FALSO | Q30: FALSO | R30: Esperado | S30: No Esperado | T30: Se descarta
A31: 4 | B31: 4 | C31: 104 | D31: 1 | E31: 43514 | F31: 5259 | G31: 8193 | H31: 7767 | J31: =+(((G31-F31)-(H31-F31))/(H31-F31))*100 | O31: =+(H31-F31)/10 | P31: FALSO | Q31: FALSO | R31: Esperado | S31: No Esperado | T31: Se descarta
A32: 657 | B32: 3 | C32: 104 | D32: 3 | E32: 43521 | F32: 5258 | G32: 8136 | H32: 7611 | I32: 7 | J32: =+(((G32-F32)-(H32-F32))/(H32-F32))*100 | K32: =AVERAGE(J32:J33) | L32: =_xlfn.STDEV.S(J32,J33) | O32: =+(H32-F32)/10 | P32: FALSO | Q32: FALSO | R32: No Esperado | S32: No Esperado | T32: Se descarta
A33: 658 | B33: 4 | C33: 104 | D33: 3 | E33: 43521 | F33: 5259 | G33: 8220 | H33: 7682 | J33: =+(((G33-F33)-(H33-F33))/(H33-F33))*100 | O33: =+(H33-F33)/10 | P33: FALSO | Q33: FALSO | R33: No Esperado | S33: No Esperado | T33: Se descarta
A34: 1307 | B34: 3 | C34: 104 | D34: 5 | E34: 43531 | F34: 5258 | G34: 7543 | H34: 7206 | I34: 6 | J34: =+(((G34-F34)-(H34-F34))/(H34-F34))*100 | K34: =AVERAGE(J34:J35) | L34: =_xlfn.STDEV.S(J34,J35) | O34: =+(H34-F34)/10 | P34: FALSO | Q34: FALSO | R34: No Esperado | S34: No Esperado | T34: Se descarta
A35: 1308 | B35: 4 | C35: 104 | D35: 5 | E35: 43531 | F35: 5259 | G35: 7728 | H35: 7346 | J35: =+(((G35-F35)-(H35-F35))/(H35-F35))*100 | O35: =+(H35-F35)/10 | P35: FALSO | Q35: FALSO | R35: No Esperado | S35: No Esperado | T35: Se descarta
A36: 1957 | B36: 3 | C36: 104 | D36: 7 | E36: 43545 | F36: 5258 | G36: 8065 | H36: 7621 | J36: =+(((G36-F36)-(H36-F36))/(H36-F36))*100 | K36: =AVERAGE(J36:J37) | L36: =_xlfn.STDEV.S(J36,J37) | O36: =+(H36-F36)/10 | P36: FALSO | Q36: FALSO | R36: No Esperado | S36: No Esperado | T36: Se descarta
A37: 1958 | B37: 4 | C37: 104 | D37: 7 | E37: 43545 | F37: 5259 | G37: 7916 | H37: 7493 | J37: =+(((G37-F37)-(H37-F37))/(H37-F37))*100 | O37: =+(H37-F37)/10 | P37: FALSO | Q37: FALSO | R37: No Esperado | S37: No Esperado | T37: Se descarta
A38: 2629 | B38: 1 | C38: 104 | D38: 10 | E38: 43564 | F38: 5301 | G38: 8178 | H38: 7763 | J38: =+(((G38-F38)-(H38-F38))/(H38-F38))*100 | K38: =AVERAGE(J38:J39) | L38: =_xlfn.STDEV.S(J38,J39) | M38: =+(K36-K38)/19 | N38: =+(K32-K38)/(E38-E32) | O38: =+(H38-F38)/10 | P38: FALSO | Q38: FALSO | R38: No Esperado | S38: No Esperado | T38: Se descarta
A39: 2630 | B39: 2 | C39: 104 | D39: 10 | E39: 43564 | F39: 5190 | G39: 7858 | H39: 7469 | J39: =+(((G39-F39)-(H39-F39))/(H39-F39))*100 | O39: =+(H39-F39)/10 | P39: FALSO | Q39: FALSO | R39: Esperado | S39: No Esperado | T39: Se descarta
A40: 397 | B40: 47 | C40: 106 | D40: 2 | E40: 43517 | F40: 5258 | G40: 7767 | H40: 7075 | I40: 11 | J40: =+(((G40-F40)-(H40-F40))/(H40-F40))*100 | K40: =AVERAGE(J40:J41) | L40: =_xlfn.STDEV.S(J40,J41) | M40: 2 | O40: =+(H40-F40)/10 | P40: FALSO | Q40: FALSO | R40: No Esperado | S40: Esperado | T40: Dato Válido
A41: 398 | B41: 48 | C41: 106 | D41: 2 | E41: 43517 | F41: 5245 | G41: 7753 | H41: 7079 | J41: =+(((G41-F41)-(H41-F41))/(H41-F41))*100 | O41: =+(H41-F41)/10 | P41: FALSO | Q41: FALSO | R41: Esperado | S41: Esperado | T41: Dato Válido
A42: 1051 | B42: 5 | C42: 106 | D42: 4 | E42: 43524 | F42: 5236 | G42: 7863 | H42: 7217 | I42: 10 | J42: =+(((G42-F42)-(H42-F42))/(H42-F42))*100 | K42: =AVERAGE(J42:J43) | L42: =_xlfn.STDEV.S(J42,J43) | O42: =+(H42-F42)/10 | P42: FALSO | Q42: FALSO | R42: Esperado | S42: Esperado | T42: Dato Válido
A43: 1052 | B43: 6 | C43: 106 | D43: 4 | E43: 43524 | F43: 5259 | G43: 8065 | H43: 7371 | J43: =+(((G43-F43)-(H43-F43))/(H43-F43))*100 | O43: =+(H43-F43)/10 | P43: VERDADERO | Q43: FALSO | R43: Esperado | S43: Esperado | T43: Dato Válido
A44: 1701 | B44: 5 | C44: 106 | D44: 6 | E44: 43535 | F44: 5236 | G44: 7678 | H44: 7219 | I44: 9 | J44: =+(((G44-F44)-(H44-F44))/(H44-F44))*100 | K44: =AVERAGE(J44:J45) | L44: =_xlfn.STDEV.S(J44,J45) | O44: =+(H44-F44)/10 | P44: FALSO | Q44: FALSO | R44: Esperado | S44: Esperado | T44: Dato Válido
A45: 1702 | B45: 6 | C45: 106 | D45: 6 | E45: 43535 | F45: 5259 | G45: 7372 | H45: 6985 | J45: =+(((G45-F45)-(H45-F45))/(H45-F45))*100 | O45: =+(H45-F45)/10 | P45: FALSO | Q45: FALSO | R45: No Esperado | S45: Esperado | T45: Dato Válido
A46: 2233 | B46: 3 | C46: 106 | D46: 8 | E46: 43550 | F46: 5258 | G46: 7518 | H46: 7212 | J46: =+(((G46-F46)-(H46-F46))/(H46-F46))*100 | K46: =AVERAGE(J46:J47) | L46: =_xlfn.STDEV.S(J46,J47) | M46: =(K40-K46)/15 | N46: =(K42-K46)/33 | O46: =+(H46-F46)/10 | P46: FALSO | Q46: VERDADERO | R46: Esperado | S46: Esperado | T46: Dato Válido
A47: 2234 | B47: 4 | C47: 106 | D47: 8 | E47: 43550 | F47: 5259 | G47: 7461 | H47: 7161 | J47: =+(((G47-F47)-(H47-F47))/(H47-F47))*100 | O47: =+(H47-F47)/10 | P47: FALSO | Q47: FALSO | R47: Esperado | S47: Esperado | T47: Dato Válido
A48: 5 | B48: 5 | C48: 107 | D48: 1 | E48: 43514 | F48: 5236 | G48: 7923 | H48: 7474 | I48: 10 | J48: =+(((G48-F48)-(H48-F48))/(H48-F48))*100 | K48: =AVERAGE(J48:J49) | L48: =_xlfn.STDEV.S(J48,J49) | M48: 2 | O48: =+(H48-F48)/10 | P48: FALSO | Q48: FALSO | R48: Esperado | S48: No Esperado | T48: Se descarta
A49: 6 | B49: 6 | C49: 107 | D49: 1 | E49: 43514 | F49: 5259 | G49: 7658 | H49: 7288 | J49: =+(((G49-F49)-(H49-F49))/(H49-F49))*100 | O49: =+(H49-F49)/10 | P49: FALSO | Q49: FALSO | R49: Esperado | S49: No Esperado | T49: Se descarta
A50: 659 | B50: 5 | C50: 107 | D50: 3 | E50: 43521 | F50: 5236 | G50: 8585 | H50: 7657 | I50: 8 | J50: =+(((G50-F50)-(H50-F50))/(H50-F50))*100 | K50: =AVERAGE(J50:J51) | L50: =_xlfn.STDEV.S(J50,J51) | O50: =+(H50-F50)/10 | P50: VERDADERO | Q50: FALSO | R50: Esperado | S50: Esperado | T50: Dato Válido
A51: 660 | B51: 6 | C51: 107 | D51: 3 | E51: 43521 | F51: 5259 | G51: 8581 | H51: 7644 | J51: =+(((G51-F51)-(H51-F51))/(H51-F51))*100 | O51: =+(H51-F51)/10 | P51: FALSO | Q51: FALSO | R51: Esperado | S51: Esperado | T51: Dato Válido
A52: 1309 | B52: 5 | C52: 107 | D52: 5 | E52: 43531 | F52: 5236 | G52: 7730 | H52: 7290 | I52: 7 | J52: =+(((G52-F52)-(H52-F52))/(H52-F52))*100 | K52: =AVERAGE(J52:J53) | L52: =_xlfn.STDEV.S(J52,J53) | M52: =+(K50-K52)/10 | O52: =+(H52-F52)/10 | P52: FALSO | Q52: FALSO | R52: No Esperado | S52: Esperado | T52: Dato Válido
A53: 1310 | B53: 6 | C53: 107 | D53: 5 | E53: 43531 | F53: 5259 | G53: 7648 | H53: 7217 | J53: =+(((G53-F53)-(H53-F53))/(H53-F53))*100 | O53: =+(H53-F53)/10 | P53: FALSO | Q53: FALSO | R53: No Esperado | S53: Esperado | T53: Dato Válido
A54: 2235 | B54: 5 | C54: 107 | D54: 8 | E54: 43550 | F54: 5236 | G54: 7598 | H54: 7215 | J54: =+(((G54-F54)-(H54-F54))/(H54-F54))*100 | K54: =AVERAGE(J54:J55) | L54: =_xlfn.STDEV.S(J54,J55) | M54: =+(K52-K54)/19 | O54: =+(H54-F54)/10 | P54: FALSO | Q54: FALSO | R54: Esperado | S54: Esperado | T54: Dato Válido
A55: 2236 | B55: 6 | C55: 107 | D55: 8 | E55: 43550 | F55: 5259 | G55: 7622 | H55: 7258 | J55: =+(((G55-F55)-(H55-F55))/(H55-F55))*100 | O55: =+(H55-F55)/10 | P55: FALSO | Q55: FALSO | R55: Esperado | S55: Esperado | T55: Dato Válido
A56: 2721 | B56: 93 | C56: 107 | D56: 10 | E56: 43564 | F56: 5234 | G56: 7573 | H56: 7270 | J56: =+(((G56-F56)-(H56-F56))/(H56-F56))*100 | K56: =AVERAGE(J56:J57) | L56: =_xlfn.STDEV.S(J56,J57) | M56: =+(K54-K56)/14 | N56: =+(K50-K56)/43 | O56: =+(H56-F56)/10 | P56: FALSO | Q56: VERDADERO | R56: Esperado | S56: Esperado | T56: Dato Válido
A57: 2722 | B57: 94 | C57: 107 | D57: 10 | E57: 43564 | F57: 5218 | G57: 7416 | H57: 7135 | J57: =+(((G57-F57)-(H57-F57))/(H57-F57))*100 | O57: =+(H57-F57)/10 | P57: FALSO | Q57: FALSO | R57: Esperado | S57: Esperado | T57: Dato Válido
A58: 7 | B58: 7 | C58: 108 | D58: 1 | E58: 43514 | F58: 5232 | G58: 8351 | H58: 7792 | I58: 12 | J58: =+(((G58-F58)-(H58-F58))/(H58-F58))*100 | K58: =AVERAGE(J58:J59) | L58: =_xlfn.STDEV.S(J58,J59) | M58: 3 | O58: =+(H58-F58)/10 | P58: FALSO | Q58: FALSO | R58: Esperado | S58: No Esperado | T58: Se descarta
A59: 8 | B59: 8 | C59: 108 | D59: 1 | E59: 43514 | F59: 5221 | G59: 8221 | H59: 7698 | J59: =+(((G59-F59)-(H59-F59))/(H59-F59))*100 | O59: =+(H59-F59)/10 | P59: FALSO | Q59: FALSO | R59: Esperado | S59: No Esperado | T59: Se descarta
A60: 661 | B60: 7 | C60: 108 | D60: 3 | E60: 43521 | F60: 5232 | G60: 9197 | H60: 7999 | I60: 9 | J60: =+(((G60-F60)-(H60-F60))/(H60-F60))*100 | K60: =AVERAGE(J60:J61) | L60: =_xlfn.STDEV.S(J60,J61) | O60: =+(H60-F60)/10 | P60: FALSO | Q60: FALSO | R60: Esperado | S60: Esperado | T60: Dato Válido
A61: 662 | B61: 8 | C61: 108 | D61: 3 | E61: 43521 | F61: 5221 | G61: 9297 | H61: 8054 | J61: =+(((G61-F61)-(H61-F61))/(H61-F61))*100 | O61: =+(H61-F61)/10 | P61: FALSO | Q61: FALSO | R61: Esperado | S61: Esperado | T61: Dato Válido
A62: 1311 | B62: 7 | C62: 108 | D62: 5 | E62: 43531 | F62: 5232 | G62: 8891 | H62: 7941 | I62: 8 | J62: =+(((G62-F62)-(H62-F62))/(H62-F62))*100 | K62: =AVERAGE(J62:J63) | L62: =_xlfn.STDEV.S(J62,J63) | O62: =+(H62-F62)/10 | P62: VERDADERO | Q62: FALSO | R62: No Esperado | S62: Esperado | T62: Dato Válido
A63: 1312 | B63: 8 | C63: 108 | D63: 5 | E63: 43531 | F63: 5221 | G63: 8818 | H63: 7929 | J63: =+(((G63-F63)-(H63-F63))/(H63-F63))*100 | O63: =+(H63-F63)/10 | P63: FALSO | Q63: FALSO | R63: No Esperado | S63: Esperado | T63: Dato Válido
A64: 2415 | B64: 3 | C64: 108 | D64: 9 | E64: 43557 | F64: 5258 | G64: 8476 | H64: 7973 | J64: =+(((G64-F64)-(H64-F64))/(H64-F64))*100 | K64: =AVERAGE(J64:J65) | L64: =_xlfn.STDEV.S(J64,J65) | O64: =+(H64-F64)/10 | P64: FALSO | Q64: FALSO | R64: Esperado | S64: Esperado | T64: Dato Válido
A65: 2416 | B65: 4 | C65: 108 | D65: 9 | E65: 43557 | F65: 5259 | G65: 8394 | H65: 7897 | J65: =+(((G65-F65)-(H65-F65))/(H65-F65))*100 | O65: =+(H65-F65)/10 | P65: FALSO | Q65: FALSO | R65: Esperado | S65: Esperado | T65: Dato Válido
A66: 3063 | B66: 3 | C66: 108 | D66: 12 | E66: 43577 | F66: 5258 | G66: 7550 | H66: 7229 | J66: =+(((G66-F66)-(H66-F66))/(H66-F66))*100 | K66: =AVERAGE(J66:J67) | L66: =_xlfn.STDEV.S(J66,J67) | M66: =+(K60-K66)/(E66-E60) | N66: =+(K62-K66)/(E66-E62) | O66: =+(H66-F66)/10 | P66: FALSO | Q66: VERDADERO | R66: Esperado | S66: Esperado | T66: Dato Válido
A67: 3064 | B67: 4 | C67: 108 | D67: 12 | E67: 43577 | F67: 5259 | G67: 7490 | H67: 7170 | J67: =+(((G67-F67)-(H67-F67))/(H67-F67))*100 | O67: =+(H67-F67)/10 | P67: FALSO | Q67: FALSO | R67: Esperado | S67: Esperado | T67: Dato Válido
A68: 9 | B68: 9 | C68: 109 | D68: 1 | E68: 43514 | F68: 5188 | G68: 6829 | H68: 6580 | I68: 9 | J68: =+(((G68-F68)-(H68-F68))/(H68-F68))*100 | K68: =AVERAGE(J68:J69) | L68: =_xlfn.STDEV.S(J68,J69) | M68: 2 | O68: =+(H68-F68)/10 | P68: FALSO | Q68: FALSO | R68: Esperado | S68: No Esperado | T68: Se descarta
A69: 10 | B69: 10 | C69: 109 | D69: 1 | E69: 43514 | F69: 5232 | G69: 6711 | H69: 6516 | J69: =+(((G69-F69)-(H69-F69))/(H69-F69))*100 | O69: =+(H69-F69)/10 | P69: FALSO | Q69: FALSO | R69: Esperado | S69: No Esperado | T69: Se descarta
A70: 663 | B70: 9 | C70: 109 | D70: 3 | E70: 43521 | F70: 5188 | G70: 7442 | H70: 6855 | I70: 9 | J70: =+(((G70-F70)-(H70-F70))/(H70-F70))*100 | K70: =AVERAGE(J70:J71) | L70: =_xlfn.STDEV.S(J70,J71) | O70: =+(H70-F70)/10 | P70: FALSO | Q70: FALSO | R70: Esperado | S70: Esperado | T70: Dato Válido
A71: 664 | B71: 10 | C71: 109 | D71: 3 | E71: 43521 | F71: 5232 | G71: 7518 | H71: 6912 | J71: =+(((G71-F71)-(H71-F71))/(H71-F71))*100 | O71: =+(H71-F71)/10 | P71: VERDADERO | Q71: FALSO | R71: Esperado | S71: Esperado | T71: Dato Válido
A72: 1313 | B72: 9 | C72: 109 | D72: 5 | E72: 43531 | F72: 5188 | G72: 7335 | H72: 6825 | I72: 7 | J72: =+(((G72-F72)-(H72-F72))/(H72-F72))*100 | K72: =AVERAGE(J72:J73) | L72: =_xlfn.STDEV.S(J72,J73) | O72: =+(H72-F72)/10 | P72: FALSO | Q72: FALSO | R72: No Esperado | S72: Esperado | T72: Dato Válido
A73: 1314 | B73: 10 | C73: 109 | D73: 5 | E73: 43531 | F73: 5232 | G73: 7316 | H73: 6851 | J73: =+(((G73-F73)-(H73-F73))/(H73-F73))*100 | O73: =+(H73-F73)/10 | P73: FALSO | Q73: FALSO | R73: No Esperado | S73: Esperado | T73: Dato Válido
A74: 2237 | B74: 7 | C74: 109 | D74: 8 | E74: 43550 | F74: 5232 | G74: 7077 | H74: 6798 | J74: =+(((G74-F74)-(H74-F74))/(H74-F74))*100 | K74: =AVERAGE(J74:J75) | L74: =_xlfn.STDEV.S(J74,J75) | O74: =+(H74-F74)/10 | P74: FALSO | Q74: FALSO | R74: Esperado | S74: Esperado | T74: Dato Válido
A75: 2238 | B75: 8 | C75: 109 | D75: 8 | E75: 43550 | F75: 5221 | G75: 7092 | H75: 6803 | J75: =+(((G75-F75)-(H75-F75))/(H75-F75))*100 | O75: =+(H75-F75)/10 | P75: FALSO | Q75: FALSO | R75: Esperado | S75: Esperado | T75: Dato Válido
A76: 2723 | B76: 95 | C76: 109 | D76: 10 | E76: 43564 | F76: 5232 | G76: 7137 | H76: 6892 | J76: =+(((G76-F76)-(H76-F76))/(H76-F76))*100 | K76: =AVERAGE(J76:J77) | L76: =_xlfn.STDEV.S(J76,J77) | M76: =+(K74-K76)/20 | N76: =+(K70-K76)/(E76-E70) | O76: =+(H76-F76)/10 | P76: FALSO | Q76: VERDADERO | R76: Esperado | S76: Esperado | T76: Dato Válido
A77: 2724 | B77: 96 | C77: 109 | D77: 10 | E77: 43564 | F77: 5242 | G77: 7152 | H77: 6911 | J77: =+(((G77-F77)-(H77-F77))/(H77-F77))*100 | O77: =+(H77-F77)/10 | P77: FALSO | Q77: FALSO | R77: Esperado | S77: Esperado | T77: Dato Válido
A78: 399 | B78: 49 | C78: 110 | D78: 2 | E78: 43517 | F78: 5203 | G78: 8264 | H78: 7369 | I78: 9 | J78: =+(((G78-F78)-(H78-F78))/(H78-F78))*100 | K78: =AVERAGE(J78:J79) | L78: =_xlfn.STDEV.S(J78,J79) | M78: 2 | O78: =+(H78-F78)/10 | P78: FALSO | Q78: FALSO | R78: Esperado | S78: Esperado | T78: Dato Válido
A79: 400 | B79: 50 | C79: 110 | D79: 2 | E79: 43517 | F79: 5251 | G79: 8352 | H79: 7484 | J79: =+(((G79-F79)-(H79-F79))/(H79-F79))*100 | O79: =+(H79-F79)/10 | P79: FALSO | Q79: FALSO | R79: Esperado | S79: Esperado | T79: Dato Válido
A80: 1053 | B80: 7 | C80: 110 | D80: 4 | E80: 43524 | F80: 5232 | G80: 8077 | H80: 7333 | I80: 9 | J80: =+(((G80-F80)-(H80-F80))/(H80-F80))*100 | K80: =AVERAGE(J80:J81) | L80: =_xlfn.STDEV.S(J80,J81) | O80: =+(H80-F80)/10 | P80: FALSO | Q80: FALSO | R80: Esperado | S80: Esperado | T80: Dato Válido
A81: 1054 | B81: 8 | C81: 110 | D81: 4 | E81: 43524 | F81: 5221 | G81: 8331 | H81: 7544 | J81: =+(((G81-F81)-(H81-F81))/(H81-F81))*100 | O81: =+(H81-F81)/10 | P81: VERDADERO | Q81: FALSO | R81: Esperado | S81: Esperado | T81: Dato Válido
A82: 1703 | B82: 7 | C82: 110 | D82: 6 | E82: 43535 | F82: 5232 | G82: 8388 | H82: 7720 | I82: 7 | J82: =+(((G82-F82)-(H82-F82))/(H82-F82))*100 | K82: =AVERAGE(J82:J83) | L82: =_xlfn.STDEV.S(J82,J83) | O82: =+(H82-F82)/10 | P82: FALSO | Q82: FALSO | R82: Esperado | S82: Esperado | T82: Dato Válido
A83: 1704 | B83: 8 | C83: 110 | D83: 6 | E83: 43535 | F83: 5221 | G83: 8232 | H83: 7587 | J83: =+(((G83-F83)-(H83-F83))/(H83-F83))*100 | O83: =+(H83-F83)/10 | P83: FALSO | Q83: FALSO | R83: Esperado | S83: Esperado | T83: Dato Válido
A84: 2239 | B84: 9 | C84: 110 | D84: 8 | E84: 43550 | F84: 5188 | G84: 8265 | H84: 7794 | J84: =+(((G84-F84)-(H84-F84))/(H84-F84))*100 | K84: =AVERAGE(J84:J85) | L84: =_xlfn.STDEV.S(J84,J85) | O84: =+(H84-F84)/10 | P84: FALSO | Q84: FALSO | R84: Esperado | S84: Esperado | T84: Dato Válido
A85: 2240 | B85: 10 | C85: 110 | D85: 8 | E85: 43550 | F85: 5232 | G85: 8373 | H85: 7878 | J85: =+(((G85-F85)-(H85-F85))/(H85-F85))*100 | O85: =+(H85-F85)/10 | P85: FALSO | Q85: FALSO | R85: Esperado | S85: Esperado | T85: Dato Válido
A86: 2725 | B86: 97 | C86: 110 | D86: 10 | E86: 43564 | F86: 5287 | G86: 8026 | H86: 7643 | J86: =+(((G86-F86)-(H86-F86))/(H86-F86))*100 | K86: =AVERAGE(J86:J87) | L86: =_xlfn.STDEV.S(J86,J87) | M86: =(K84-K86)/14 | N86: =(K80-K86)/40 | O86: =+(H86-F86)/10 | P86: FALSO | Q86: VERDADERO | R86: No Esperado | S86: Esperado | T86: Dato Válido
A87: 2726 | B87: 98 | C87: 110 | D87: 10 | E87: 43564 | F87: 5252 | G87: 7996 | H87: 7637 | O87: =+(H87-F87)/10 | P87: FALSO | Q87: FALSO | R87: No Esperado | S87: Esperado | T87: Dato Válido
A88: 401 | B88: 51 | C88: 111 | D88: 2 | E88: 43517 | F88: 5234 | G88: 8326 | H88: 7244 | I88: 12 | J88: =+(((G88-F88)-(H88-F88))/(H88-F88))*100 | K88: =AVERAGE(J88:J89) | L88: =_xlfn.STDEV.S(J88,J89) | M88: 3 | O88: =+(H88-F88)/10 | P88: FALSO | Q88: FALSO | R88: Esperado | S88: Esperado | T88: Dato Válido
A89: 402 | B89: 52 | C89: 111 | D89: 2 | E89: 43517 | F89: 5234 | G89: 8609 | H89: 7395 | J89: =+(((G89-F89)-(H89-F89))/(H89-F89))*100 | O89: =+(H89-F89)/10 | P89: FALSO | Q89: FALSO | R89: Esperado | S89: Esperado | T89: Dato Válido
A90: 1055 | B90: 9 | C90: 111 | D90: 4 | E90: 43524 | F90: 5188 | G90: 7855 | H90: 6820 | I90: 13 | J90: =+(((G90-F90)-(H90-F90))/(H90-F90))*100 | K90: =AVERAGE(J90:J91) | L90: =_xlfn.STDEV.S(J90,J91) | O90: =+(H90-F90)/10 | P90: FALSO | Q90: FALSO | R90: No Esperado | S90: No Esperado | T90: Se descarta
A91: 1056 | B91: 10 | C91: 111 | D91: 4 | E91: 43524 | F91: 5232 | G91: 7808 | H91: 6937 | J91: =+(((G91-F91)-(H91-F91))/(H91-F91))*100 | O91: =+(H91-F91)/10 | P91: FALSO | Q91: FALSO | R91: No Esperado | S91: No Esperado | T91: Se descarta
A92: 1705 | B92: 9 | C92: 111 | D92: 6 | E92: 43535 | F92: 5188 | G92: 8495 | H92: 7553 | I92: 11 | J92: =+(((G92-F92)-(H92-F92))/(H92-F92))*100 | K92: =AVERAGE(J92:J93) | L92: =_xlfn.STDEV.S(J92,J93) | O92: =+(H92-F92)/10 | P92: FALSO | Q92: FALSO | R92: Esperado | S92: Esperado | T92: Dato Válido
A93: 1706 | B93: 10 | C93: 111 | D93: 6 | E93: 43535 | F93: 5232 | G93: 8920 | H93: 7917 | J93: =+(((G93-F93)-(H93-F93))/(H93-F93))*100 | O93: =+(H93-F93)/10 | P93: VERDADERO | Q93: FALSO | R93: Esperado | S93: Esperado | T93: Dato Válido
A94: 2417 | B94: 5 | C94: 111 | D94: 9 | E94: 43557 | F94: 5236 | G94: 7716 | H94: 7244 | J94: =+(((G94-F94)-(H94-F94))/(H94-F94))*100 | K94: =AVERAGE(J94:J95) | L94: =_xlfn.STDEV.S(J94,J95) | O94: =+(H94-F94)/10 | P94: FALSO | Q94: FALSO | R94: No Esperado | S94: Esperado | T94: Dato Válido
A95: 2418 | B95: 6 | C95: 111 | D95: 9 | E95: 43557 | F95: 5259 | G95: 7855 | H95: 7365 | J95: =+(((G95-F95)-(H95-F95))/(H95-F95))*100 | O95: =+(H95-F95)/10 | P95: FALSO | Q95: FALSO | R95: No Esperado | S95: Esperado | T95: Dato Válido
A96: 3065 | B96: 5 | C96: 111 | D96: 12 | E96: 43577 | F96: 5236 | G96: 7801 | H96: 7361 | J96: =+(((G96-F96)-(H96-F96))/(H96-F96))*100 | K96: =AVERAGE(J96:J97) | L96: =_xlfn.STDEV.S(J96,J97) | O96: =+(H96-F96)/10 | P96: FALSO | Q96: FALSO | R96: Esperado | S96: Esperado | T96: Dato Válido
A97: 3066 | B97: 6 | C97: 111 | D97: 12 | E97: 43577 | F97: 5259 | G97: 7937 | H97: 7479 | J97: =+(((G97-F97)-(H97-F97))/(H97-F97))*100 | O97: =+(H97-F97)/10 | P97: FALSO | Q97: FALSO | R97: Esperado | S97: Esperado | T97: Dato Válido
A98: 3579 | B98: 1 | C98: 111 | D98: 14 | E98: 43591 | F98: 5301 | G98: 8134 | H98: 7748 | J98: =+(((G98-F98)-(H98-F98))/(H98-F98))*100 | K98: =AVERAGE(J98:J99) | L98: =_xlfn.STDEV.S(J98,J99) | M98: =(K96-K98)/14 | N98: =(K92-K98)/56 | O98: =+(H98-F98)/10 | P98: FALSO | Q98: VERDADERO | R98: Esperado | S98: Esperado | T98: Dato Válido
A99: 3580 | B99: 2 | C99: 111 | D99: 14 | E99: 43591 | F99: 5190 | G99: 7901 | H99: 7529 | J99: =+(((G99-F99)-(H99-F99))/(H99-F99))*100 | O99: =+(H99-F99)/10 | P99: FALSO | Q99: FALSO | R99: Esperado | S99: Esperado | T99: Dato Válido
A100: 11 | B100: 11 | C100: 112 | D100: 1 | E100: 43514 | F100: 5213 | G100: 9019 | H100: 7675 | I100: 9 | J100: =+(((G100-F100)-(H100-F100))/(H100-F100))*100 | K100: =AVERAGE(J100:J101) | L100: =_xlfn.STDEV.S(J100,J101) | M100: 2 | O100: =+(H100-F100)/10 | P100: FALSO | Q100: FALSO | R100: Esperado | S100: Esperado | T100: Se descarta
...

Sheet ENS TEMP 201819
A1: PLOT | B1: Decisión | C1: BLOC | D1: IBLK | E1: ENTRY | F1: ORIGEN | G1: PEDIGREE | H1: PTAS | I1: VT | J1: GDU_VT | K1: R1 | L1: GDU_R1 | M1: ASI | N1: GDU_ASI | O1: MF | P1: MC | Q1: TSG | R1: Tallo | S1: Roya | T1: MRCV | U1: TIZON | V1: BACT | W1: SG | X1: CH_COMP | Y1: CH_SEMIC | Z1: CH_LAXA | AA1: ESP_CUB | AB1: ESP_SEMI | AC1: ESP_DESC | AD1: GRAN_F | AE1: GRAN_SD
A2: 101 | B2: Se descarta | C2: 1 | D2: 1 | E2: 59 | F2: 17.2802 | G2: LP581xLP562-1-195-1-1 | H2: 47 | I2: 43467 | J2: 1080.75 | K2: 43468 | L2: 1094.25 | M2: 13.5 | N2: ='ENS TEMP 201819'!$L253-'ENS TEMP 201819'!$J253 | O2: 43517 | P2: 43566 | Q2: 0.405 | X2: .
A3: 102 | B3: Se descarta | C3: 1 | D3: 1 | E3: 104 | F3: 17.2898 | G3: LP 59 | I3: 43460 | J3: 959.9 | K3: 43461 | L3: 977.15 | M3: 17.25 | N3: ='ENS TEMP 201819'!$L50-'ENS TEMP 201819'!$J50 | O3: null | P3: null | Q3: null | X3: .
A4: 103 | B4: Plot Válido | C4: 1 | D4: 1 | E4: 62 | F4: 17.2808 | G4: [BSGA] 04.4071-1.1.1.1.1.#.# | I4: 43466 | J4: 1059.6 | K4: 43468 | L4: 1094.25 | M4: 34.65 | N4: ='ENS TEMP 201819'!$L224-'ENS TEMP 201819'!$J224 | O4: 43537 | P4: 43585 | Q4: 0.555 | X4: .
A5: 104 | B5: Se descarta | C5: 1 | D5: 1 | E5: 83 | F5: 17.2856 | G5: [AX889] 04.725-1.1.1.1.1.# | I5: 43460 | J5: 959.9 | K5: 43459 | L5: 943.6 | M5: -16.3 | N5: ='ENS TEMP 201819'!$L51-'ENS TEMP 201819'!$J51 | O5: 43521 | P5: 43564 | Q5: 0.12314788 | X5: .
A6: 105 | B6: Se descarta | C6: 1 | D6: 1 | E6: 124 | F6: 17.2938//BEBA | G6: LP 561 | N6: ='ENS TEMP 201819'!$L325-'ENS TEMP 201819'!$J325 | X6: .
A7: 106 | B7: Plot Válido | C7: 1 | D7: 1 | E7: 109 | F7: 17.2908 | G7: LP 214 | H7: 45 | I7: 43466 | J7: 1059.6 | K7: 43466 | L7: 1059.6 | M7: 0 | N7: ='ENS TEMP 201819'!$L225-'ENS TEMP 201819'!$J225 | O7: 43521 | P7: 43553 | Q7: 0.657 | X7: .
A8: 107 | B8: Plot Válido | C8: 1 | D8: 1 | E8: 27 | F8: 17.2610 | G8: LÑnea CFR#1#1#1#1 | I8: 43464 | J8: 1028.65 | K8: 43465 | L8: 1041.6 | M8: 12.95 | N8: ='ENS TEMP 201819'!$L154-'ENS TEMP 201819'!$J154 | O8: 43520 | P8: 43564 | Q8: 0.559 | X8: .
A9: 108 | B9: Plot Válido | C9: 1 | D9: 1 | E9: 22 | F9: 17.2600 | G9: bulk 04.1973-119-1-1-1#1#1 | H9: 46 | I9: 43463 | J9: 1013.8 | K9: 43463 | L9: 1013.8 | M9: 0 | N9: ='ENS TEMP 201819'!$L130-'ENS TEMP 201819'!$J130 | O9: 43526 | P9: 43595 | Q9: 0.483 | X9: .
A10: 109 | B10: Plot Válido | C10: 1 | D10: 1 | E10: 39 | F10: 17.2638 | G10: 94.1234-1-1#-1#1-2#1#3#1#1#1#1#1#1-1 | H10: 57 | I10: 43462 | J10: 995.2 | K10: 43463 | L10: 1013.8 | M10: 18.6 | N10: ='ENS TEMP 201819'!$L99-'ENS TEMP 201819'!$J99 | O10: 43518 | P10: 43564 | Q10: 0.489 | X10: .
A11: 110 | B11: Plot Válido | C11: 1 | D11: 1 | E11: 108 | F11: 17.2906 | G11: LP 212 | H11: 52 | I11: 43465 | J11: 1041.6 | K11: 43464 | L11: 1028.65 | M11: -12.95 | N11: ='ENS TEMP 201819'!$L198-'ENS TEMP 201819'!$J198 | O11: 43523 | P11: 43575 | Q11: 0.459 | X11: .
A12: 111 | B12: Plot Válido | C12: 1 | D12: 1 | E12: 25 | F12: 17.2606 | G12: 99.6113x99.6112#1-36-1-1-1-1#1#1#1 | H12: 48 | I12: 43467 | J12: 1080.75 | K12: 43467 | L12: 1080.75 | M12: 0 | N12: ='ENS TEMP 201819'!$L254-'ENS TEMP 201819'!$J254 | O12: 43544 | P12: 43595 | Q12: 0.406 | X12: .
A13: 112 | B13: Se descarta | C13: 1 | D13: 1 | E13: 87 | F13: 17.2864 | G13: [CDP] 04.649-1.1.1.1.1.# | H13: 51 | I13: 43463 | J13: 1013.8 | K13: 43464 | L13: 1028.65 | M13: 14.85 | N13: ='ENS TEMP 201819'!$L131-'ENS TEMP 201819'!$J131 | O13: 43519 | P13: 43569 | Q13: 0.391 | X13: .
A14: 113 | B14: Plot Válido | C14: 1 | D14: 2 | E14: 43 | F14: 17.2646 | G14: 00.6332-3#1#1#1#1#1#1#1#1-1 | H14: 48 | I14: 43471 | J14: 1136.6 | K14: 43473 | L14: 1169.35 | M14: 32.75 | N14: ='ENS TEMP 201819'!$L319-'ENS TEMP 201819'!$J319 | O14: 43532 | P14: 43598 | Q14: 0.327 | R14: 5 | S14: 1 H | V14: 1 | X14: .
A15: 114 | B15: Se descarta | C15: 1 | D15: 2 | E15: 40 | F15: 172640 | G15: 94.1283-1-1#-1#1#1-3#1#1#1#1#1#1#1#1-1 | H15: 44 | I15: 43471 | J15: 1136.6 | K15: 43473 | L15: 1169.35 | M15: 32.75 | N15: ='ENS TEMP 201819'!$L320-'ENS TEMP 201819'!$J320 | O15: 43530 | P15: 43605 | Q15: 0.524 | R15: 5 | S15: 1 H | V15: 1 | X15: .
A16: 115 | B16: Plot Válido | C16: 1 | D16: 2 | E16: 79 | F16: 17.2846 | G16: [AX882] 04.755-1.1.1.1.1.# | H16: 44 | I16: 43464 | J16: 1028.65 | K16: 43464 | L16: 1028.65 | M16: 0 | N16: ='ENS TEMP 201819'!$L155-'ENS TEMP 201819'!$J155 | O16: 43525 | P16: 43552 | Q16: 0.666 | X16: .
A17: 116 | B17: Plot Válido | C17: 1 | D17: 2 | E17: 2 | F17: 17.2558 | G17: BKBS13idprov901947-1-30 -1-1@-1#1 | H17: 51 | I17: 43462 | J17: 995.2 | K17: 43463 | L17: 1013.8 | M17: 18.6 | N17: ='ENS TEMP 201819'!$L100-'ENS TEMP 201819'!$J100 | O17: 43519 | P17: 43573 | Q17: 0.675 | X17: .
A18: 117 | B18: Se descarta | C18: 1 | D18: 2 | E18: 119 | F18: 17.2928 | G18: LP 1996 | H18: 42 | I18: 43470 | J18: 1122.85 | K18: 43473 | L18: 1169.35 | M18: 46.5 | N18: ='ENS TEMP 201819'!$L310-'ENS TEMP 201819'!$J310 | O18: 43517 | P18: 43569 | Q18: 0.389 | R18: 5 AC | S18: 1,5 H | V18: 0 | X18: .
A19: 118 | B19: Se descarta | C19: 1 | D19: 2 | E19: 144 | F19: 17.2976 | G19: LP 917 | H19: 46 | I19: 43469 | J19: 1108.05 | K19: 43468 | L19: 1094.25 | M19: -13.8 | N19: ='ENS TEMP 201819'!$L292-'ENS TEMP 201819'!$J292 | O19: 43527 | P19: 43596 | Q19: 0.5 | X19: .
A20: 119 | B20: Plot Válido | C20: 1 | D20: 2 | E20: 164 | F20: 17.3016 | G20: P465 | H20: 39 | I20: 43466 | J20: 1059.6 | K20: 43466 | L20: 1059.6 | M20: 0 | N20: ='ENS TEMP 201819'!$L226-'ENS TEMP 201819'!$J226 | O20: 43531 | P20: 43585 | Q20: 0.384 | X20: .
A21: 120 | B21: Plot Válido | C21: 1 | D21: 2 | E21: 7 | F21: 17.2568 | G21: BKBS13idprov901947-1-117 -1-1-1-1#1 | H21: 46 | I21: 43463 | J21: 1013.8 | K21: 43466 | L21: 1059.6 | M21: 45.8 | N21: ='ENS TEMP 201819'!$L132-'ENS TEMP 201819'!$J132 | O21: 43531 | P21: 43585 | Q21: 0.402 | X21: .
A22: 121 | B22: Plot Válido | C22: 1 | D22: 2 | E22: 8 | F22: 17.2570 | G22: BKBS13idprov901947-1-119 -1-1@-1#1 | H22: 41 | I22: 43463 | J22: 1013.8 | K22: 43464 | L22: 1028.65 | M22: 14.85 | N22: ='ENS TEMP 201819'!$L133-'ENS TEMP 201819'!$J133 | O22: 43541 | P22: 43605 | Q22: 0.377 | X22: .
A23: 122 | B23: Plot Válido | C23: 1 | D23: 2 | E23: 122 | F23: 17.2934//FONT21 | G23: LP 126 | H23: 46 | I23: 43466 | J23: 1059.6 | K23: 43466 | L23: 1059.6 | M23: 0 | N23: ='ENS TEMP 201819'!$L227-'ENS TEMP 201819'!$J227 | O23: 43518 | P23: 43553 | Q23: 0.63 | X23: .
A24: 123 | B24: Plot Válido | C24: 1 | D24: 2 | E24: 153 | F24: 17.2994 | G24: LP 32 | H24: 38 | I24: 43462 | J24: 995.2 | K24: 43462 | L24: 995.2 | M24: 0 | N24: ='ENS TEMP 201819'!$L101-'ENS TEMP 201819'!$J101 | O24: 43516 | P24: 43555 | Q24: 0.571 | X24: .
A25: 124 | B25: Se descarta | C25: 1 | D25: 2 | E25: 54 | F25: 17.2700 | G25: (7310x7266)-1-46 | H25: 51 | I25: 43464 | J25: 1028.65 | K25: 43463 | L25: 1013.8 | M25: -14.85 | N25: ='ENS TEMP 201819'!$L156-'ENS TEMP 201819'!$J156 | O25: 43514 | P25: 43610 | Q25: 0.433 | X25: .
A26: 125 | B26: Plot Válido | C26: 1 | D26: 3 | E26: 12 | F26: 17.2578 | G26: BKBS13idprov901947-1-192 -1-1-1-1#1 | I26: 43460 | J26: 959.9 | K26: 43460 | L26: 959.9 | M26: 0 | N26: ='ENS TEMP 201819'!$L52-'ENS TEMP 201819'!$J52 | O26: 43512 | P26: 43555 | Q26: 0.499 | X26: .
A27: 126 | B27: Se descarta | C27: 1 | D27: 3 | E27: 110 | F27: 17.2910 | G27: LP 220 | I27: 43461 | J27: 977.15 | K27: 43459 | L27: 943.6 | M27: -33.55 | N27: ='ENS TEMP 201819'!$L83-'ENS TEMP 201819'!$J83 | O27: 43517 | P27: 43575 | Q27: 0.239 | X27: .
A28: 127 | B28: Se descarta | C28: 1 | D28: 3 | E28: 17 | F28: 17.2588 | G28: bulk 04.1973-54-1-1-1#1 | I28: 43469 | J28: 1108.05 | K28: 43473 | L28: 1169.35 | M28: 61.3 | N28: ='ENS TEMP 201819'!$L293-'ENS TEMP 201819'!$J293 | O28: 43539 | P28: 43581 | Q28: 0.842 | X28: .
A29: 128 | B29: Plot Válido | C29: 1 | D29: 3 | E29: 160 | F29: 17.3008//NN15.705 | G29: 4068 (Sint. Cuarentin x L 1571) | I29: 43460 | J29: 959.9 | K29: 43460 | L29: 959.9 | M29: 0 | N29: ='ENS TEMP 201819'!$L53-'ENS TEMP 201819'!$J53 | O29: 43531 | P29: 43583 | Q29: 0.409 | X29: .
A30: 129 | B30: Plot Válido | C30: 1 | D30: 3 | E30: 29 | F30: 17.2614 | G30: 99.5905-1-1-1-1-1#1-1#1#1#1-1 | I30: 43460 | J30: 959.9 | K30: 43461 | L30: 977.15 | M30: 17.25 | N30: ='ENS TEMP 201819'!$L54-'ENS TEMP 201819'!$J54 | O30: 43514 | P30: 43545 | Q30: 0.728 | X30: .
A31: 130 | B31: Plot Válido | C31: 1 | D31: 3 | E31: 73 | F31: 17.2832 | G31: [SynSDSP] 04.4045-1.1.1.1.1.# | I31: 43466 | J31: 1059.6 | K31: 43466 | L31: 1059.6 | M31: 0 | N31: ='ENS TEMP 201819'!$L228-'ENS TEMP 201819'!$J228 | O31: 43526 | P31: 43554 | Q31: 0.915 | X31: .
A32: 131 | B32: Se descarta | C32: 1 | D32: 3 | E32: 36 | F32: 17.2632 | G32: 99.5736-4 LP611V X LP613-2-1-1-1#1#1#1-1 | I32: 43462 | J32: 995.2 | K32: 43464 | L32: 1028.65 | M32: 33.45 | N32: ='ENS TEMP 201819'!$L102-'ENS TEMP 201819'!$J102 | O32: 43523 | P32: 43570 | Q32: 0.701 | X32: .
A33: 132 | B33: Se descarta | C33: 1 | D33: 3 | E33: 44 | F33: 17.2648 | G33: 00.6334-1#1#1#1#1#1#1#1#1-1 | I33: 43471 | J33: 1136.6 | K33: 43473 | L33: 1169.35 | M33: 32.75 | N33: ='ENS TEMP 201819'!$L321-'ENS TEMP 201819'!$J321 | O33: 43538 | P33: 43599 | Q33: 0.34 | X33: .
A34: 133 | B34: Plot Válido | C34: 1 | D34: 3 | E34: 81 | F34: 17.2852 | G34: [AX889] 04.715-1.1.1.1.1.# | I34: 43462 | J34: 995.2 | K34: 43462 | L34: 995.2 | M34: 0 | N34: ='ENS TEMP 201819'!$L103-'ENS TEMP 201819'!$J103 | O34: 43523 | P34: 43558 | Q34: 0.661 | X34: .
A35: 134 | B35: Plot Válido | C35: 1 | D35: 3 | E35: 152 | F35: 17.2992 | G35: LP 2542 | I35: 43462 | J35: 995.2 | K35: 43462 | L35: 995.2 | M35: 0 | N35: ='ENS TEMP 201819'!$L104-'ENS TEMP 201819'!$J104 | O35: 43521 | P35: 43554 | Q35: 0.654 | X35: .
A36: 135 | B36: Se descarta | C36: 1 | D36: 3 | E36: 24 | F36: 17.2604 | G36: bulk 04.1973-143-1-1-1#1#1 | I36: 43467 | J36: 1080.75 | K36: 43467 | L36: 1080.75 | M36: 0 | N36: ='ENS TEMP 201819'!$L255-'ENS TEMP 201819'!$J255 | O36: 43529 | P36: 43605 | Q36: 0.443 | X36: .
A37: 136 | B37: Plot Válido | C37: 1 | D37: 3 | E37: 126 | F37: 17.2942 | G37: LP 122-2 | I37: 43468 | J37: 1094.25 | K37: 43471 | L37: 1136.6 | M37: 42.35 | N37: ='ENS TEMP 201819'!$L278-'ENS TEMP 201819'!$J278 | O37: 43531 | P37: 43601 | Q37: 0.389 | X37: .
A38: 137 | B38: Se descarta | C38: 1 | D38: 4 | E38: 56 | F38: 17.2796 | G38: LP581xLP562-1-42-1-1 | I38: 43465 | J38: 1041.6 | K38: 43465 | L38: 1041.6 | M38: 0 | N38: ='ENS TEMP 201819'!$L199-'ENS TEMP 201819'!$J199 | O38: 43525 | P38: 43605 | Q38: 0.485 | X38: .
A39: 138 | B39: Se descarta | C39: 1 | D39: 4 | E39: 89 | F39: 17.2868 | G39: [DK638] 04.631-1.1.1.1.1.# | I39: 43467 | J39: 1080.75 | K39: 43468 | L39: 1094.25 | M39: 13.5 | N39: ='ENS TEMP 201819'!$L256-'ENS TEMP 201819'!$J256 | O39: 43538 | P39: 43583 | Q39: 0.604 | X39: .
A40: 139 | B40: Plot Válido | C40: 1 | D40: 4 | E40: 34 | F40: 17.2628 | G40: 93.1849-3-1-1-1#2#1-1##1#1#1#1#1#1#1-1 | I40: 43464 | J40: 1028.65 | K40: 43464 | L40: 1028.65 | M40: 0 | N40: ='ENS TEMP 201819'!$L157-'ENS TEMP 201819'!$J157 | O40: 43514 | P40: 43575 | Q40: 0.368 | X40: .
A41: 140 | B41: Se descarta | C41: 1 | D41: 4 | E41: 16 | F41: 17.2586 | G41: bulk 04.1973-46-1@-1#1 | I41: 43469 | J41: 1108.05 | K41: 43470 | L41: 1122.85 | M41: 14.8 | N41: ='ENS TEMP 201819'!$L294-'ENS TEMP 201819'!$J294 | O41: 43517 | P41: 43603 | Q41: 0.219 | X41: .
A42: 141 | B42: Plot Válido | C42: 1 | D42: 4 | E42: 15 | F42: 17.2584 | G42: BKBS13idprov901947-1-240-2-1-1-1#1 | I42: 43468 | J42: 1094.25 | K42: 43468 | L42: 1094.25 | M42: 0 | N42: ='ENS TEMP 201819'!$L279-'ENS TEMP 201819'!$J279 | O42: 43530 | P42: 43593 | Q42: 0.33 | X42: .
A43: 142 | B43: Plot Válido | C43: 1 | D43: 4 | E43: 28 | F43: 17.2612 | G43: BS13 BULCK-235-1-1-1-1-1#1-1 | I43: 43465 | J43: 1041.6 | K43: 43465 | L43: 1041.6 | M43: 0 | N43: ='ENS TEMP 201819'!$L200-'ENS TEMP 201819'!$J200 | O43: 43532 | P43: 43590 | Q43: 0.451 | X43: .
A44: 143 | B44: Plot Válido | C44: 1 | D44: 4 | E44: 5 | F44: 17.2564 | G44: BKBS13idprov901947-1-100 -1-1-1-1#1 | I44: 43463 | J44: 1013.8 | K44: 43464 | L44: 1028.65 | M44: 14.85 | N44: ='ENS TEMP 201819'!$L134-'ENS TEMP 201819'!$J134 | O44: 43516 | P44: 43572 | Q44: 0.738 | X44: .
A45: 144 | B45: Plot Válido | C45: 1 | D45: 4 | E45: 6 | F45: 17.2566 | G45: BKBS13idprov901947-1-113 -1-1-1-1#1 | I45: 43464 | J45: 1028.65 | K45: 43468 | L45: 1094.25 | M45: 65.6 | N45: ='ENS TEMP 201819'!$L158-'ENS TEMP 201819'!$J158 | O45: 43541 | P45: 43583 | Q45: 0.521 | X45: .
A46: 145 | B46: Plot Válido | C46: 1 | D46: 4 | E46: 127 | F46: 17.2944 | G46: LP 1411 | I46: 43468 | J46: 1094.25 | K46: 43469 | L46: 1108.05 | M46: 13.8 | N46: ='ENS TEMP 201819'!$L280-'ENS TEMP 201819'!$J280 | O46: 43533 | P46: 43605 | Q46: 0.278 | X46: .
A47: 146 | B47: Plot Válido | C47: 1 | D47: 4 | E47: 64 | F47: 17.2812 | G47: [BSGA] 04.4092-1.1.1.1.1.#.# | I47: 43464 | J47: 1028.65 | K47: 43465 | L47: 1041.6 | M47: 12.95 | N47: ='ENS TEMP 201819'!$L159-'ENS TEMP 201819'!$J159 | O47: 43545 | P47: 43600 | Q47: 0.392 | X47: .
A48: 147 | B48: Se descarta | C48: 1 | D48: 4 | E48: 113 | F48: 17.2916 | G48: LP 125-R | I48: 43460 | J48: 959.9 | K48: 43461 | L48: 977.15 | M48: 17.25 | N48: ='ENS TEMP 201819'!$L55-'ENS TEMP 201819'!$J55 | O48: 43517 | P48: 43570 | X48: .
A49: 148 | B49: Plot Válido | C49: 1 | D49: 4 | E49: 125 | F49: 17.2940 | G49: LP 122 | I49: 43462 | J49: 995.2 | K49: 43462 | L49: 995.2 | M49: 0 | N49: ='ENS TEMP 201819'!$L105-'ENS TEMP 201819'!$J105 | O49: 43514 | P49: 43565 | Q49: 0.212 | X49: .
A50: 149 | B50: Plot Válido | C50: 1 | D50: 5 | E50: 50 | F50: 17.2668 | G50: (7310x7266)-1-15 | I50: 43463 | J50: 1013.8 | K50: 43463 | L50: 1013.8 | M50: 0 | N50: ='ENS TEMP 201819'!$L135-'ENS TEMP 201819'!$J135 | O50: 43531 | P50: 43600 | Q50: 0.367 | X50: .
A51: 150 | B51: Plot Válido | C51: 1 | D51: 5 | E51: 117 | F51: 17.2924 | G51: LP 3830 | I51: 43464 | J51: 1028.65 | K51: 43466 | L51: 1059.6 | M51: 30.95 | N51: ='ENS TEMP 201819'!$L160-'ENS TEMP 201819'!$J160 | O51: 43521 | P51: 43554 | Q51: 0.624 | X51: .
A52: 151 | B52: Plot Válido | C52: 1 | D52: 5 | E52: 18 | F52: 17.2592 | G52: bulk 04.1973-80-1-1-1#1#1 | I52: 43468 | J52: 1094.25 | K52: 43468 | L52: 1094.25 | M52: 0 | N52: ='ENS TEMP 201819'!$L281-'ENS TEMP 201819'!$J281 | O52: 43527 | P52: 43593 | Q52: 0.361 | X52: .
A53: 152 | B53: Se descarta | C53: 1 | D53: 5 | E53: 101 | F53: 17.2892 | G53: LP 818 | I53: 43454 | J53: 865.55 | K53: 43454 | L53: 865.55 | M53: 0 | N53: ='ENS TEMP 201819'!$L8-'ENS TEMP 201819'!$J8 | O53: 43517 | P53: 43570 | Q53: 0.11312729 | X53: .
A54: 153 | B54: Se descarta | C54: 1 | D54: 5 | E54: 156 | F54: 17.3000 | G54: 2189 (Sint. Semi Dentada) | I54: 43461 | J54: 977.15 | K54: 43462 | L54: 995.2 | M54: 18.05 | N54: ='ENS TEMP 201819'!$L84-'ENS TEMP 201819'!$J84 | O54: 43521 | P54: 43556 | Q54: 0.573 | X54: .
A55: 154 | B55: Se descarta | C55: 1 | D55: 5 | E55: 61 | F55: 17.2806 | G55: [BSGA] 04.4062-1.1.1.1.1.#.# | N55: ='ENS TEMP 201819'!$L326-'ENS TEMP 201819'!$J326 | X55: .
A56: 155 | B56: Se descarta | C56: 1 | D56: 5 | E56: 133 | F56: 17.2956 | G56: LP 1032 | I56: 43466 | J56: 1059.6 | K56: 43468 | L56: 1094.25 | M56: 34.65 | N56: ='ENS TEMP 201819'!$L229-'ENS TEMP 201819'!$J229 | O56: 43510 | P56: 43569 | Q56: 0.309 | X56: .
A57: 156 | B57: Se descarta | C57: 1 | D57: 5 | E57: 100 | F57: 17.2890 | G57: LP 304 | I57: 43453 | J57: 849.8 | K57: 43453 | L57: 849.8 | M57: 0 | N57: ='ENS TEMP 201819'!$L5-'ENS TEMP 201819'!$J5 | X57: .
A58: 157 | B58: Plot Válido | C58: 1 | D58: 5 | E58: 166 | F58: 17.1518 | G58: LP453 | I58: 43459 | J58: 943.6 | K58: 43459 | L58: 943.6 | M58: 0 | N58: ='ENS TEMP 201819'!$L25-'ENS TEMP 201819'!$J25 | O58: 43514 | P58: 43555 | Q58: 0.412 | X58: .
A59: 158 | B59: Se descarta | C59: 1 | D59: 5 | E59: 141 | F59: 17.2970 | G59: LPB2 | I59: 43466 | J59: 1059.6 | K59: 43467 | L59: 1080.75 | M59: 21.15 | N59: ='ENS TEMP 201819'!$L230-'ENS TEMP 201819'!$J230 | O59: 43521 | P59: 43567 | Q59: 0.456 | X59: .
A60: 159 | B60: Se descarta | C60: 1 | D60: 5 | E60: 148 | F60: 17.2984 | G60: LP 128 | I60: 43462 | J60: 995.2 | K60: 43462 | L60: 995.2 | M60: 0 | N60: ='ENS TEMP 201819'!$L106-'ENS TEMP 201819'!$J106 | O60: 43521 | P60: 43564 | Q60: 0.313 | R60: 5 AC | S60: 1.5 | T60: * | V60: 1 | X60: .
A61: 160 | B61: Plot Válido | C61: 1 | D61: 5 | E61: 55 | F61: 17.2716 | G61: (7310x7266)-1-55 | I61: 43467 | J61: 1080.75 | K61: 43468 | L61: 1094.25 | M61: 13.5 | N61: ='ENS TEMP 201819'!$L257-'ENS TEMP 201819'!$J257 | O61: 43531 | P61: 43585 | Q61: 0.377 | X61: .
A62: 161 | B62: Duda | C62: 1 | D62: 6 | E62: 77 | F62: 17.2842 | G62: [AX828] 04.782-1.1.1.1.1.# | I62: 43464 | J62: 1028.65 | K62: 43464 | L62: 1028.65 | M62: 0 | N62: ='ENS TEMP 201819'!$L161-'ENS TEMP 201819'!$J161 | O62: 43521 | P62: 43600 | Q62: 0.20921906 | X62: .
A63: 162 | B63: Duda | C63: 1 | D63: 6 | E63: 45 | F63: 17.2650 | G63: 00.6340-4#1#1#1#1#1#1#1-2-1 | I63: 43460 | J63: 959.9 | K63: 43460 | L63: 959.9 | M63: 0 | N63: ='ENS TEMP 201819'!$L56-'ENS TEMP 201819'!$J56 | O63: 43514 | P63: 43570 | Q63: 0.21988156 | X63: .
A64: 163 | B64: Se descarta | C64: 1 | D64: 6 | E64: 71 | F64: 17.2828 | G64: [SynSDSP] 04.4023-1.1.1.1.1.1.# | I64: 43460 | J64: 959.9 | K64: 43462 | L64: 995.2 | M64: 35.3 | N64: ='ENS TEMP 201819'!$L57-'ENS TEMP 201819'!$J57 | O64: 43514 | P64: 43552 | Q64: 0.346 | X64: .
A65: 164 | B65: Se descarta | C65: 1 | D65: 6 | E65: 168 | F65: 17.1536 | G65: L2200 | I65: 43454 | J65: 865.55 | K65: 43454 | L65: 865.55 | M65: 0 | N65: ='ENS TEMP 201819'!$L9-'ENS TEMP 201819'!$J9 | P65: 43545 | X65: .
A66: 165 | B66: Plot Válido | C66: 1 | D66: 6 | E66: 149 | F66: 17.2986 | G66: LP 661 | I66: 43464 | J66: 1028.65 | K66: 43466 | L66: 1059.6 | M66: 30.95 | N66: ='ENS TEMP 201819'!$L162-'ENS TEMP 201819'!$J162 | O66: 43519 | P66: 43572 | Q66: 0.338 | X66: .
A67: 166 | B67: Se descarta | C67: 1 | D67: 6 | E67: 162 | F67: 17.3012 | G67: ZN6 | I67: 43465 | J67: 1041.6 | K67: 43465 | L67: 1041.6 | M67: 0 | N67: ='ENS TEMP 201819'!$L201-'ENS TEMP 201819'!$J201 | O67: 43512 | P67: 43552 | Q67: 0.506 | X67: .
A68: 167 | B68: Se descarta | C68: 1 | D68: 6 | E68: 76 | F68: 17.2838 | G68: [M 11] 04.866-1.1.1.1.1.# | I68: 43464 | J68: 1028.65 | K68: 43465 | L68: 1041.6 | M68: 12.95 | N68: ='ENS TEMP 201819'!$L163-'ENS TEMP 201819'!$J163 | O68: 43514 | P68: 43570 | Q68: 0.301 | X68: .
A69: 168 | B69: Plot Válido | C69: 1 | D69: 6 | E69: 106 | F69: 17.2902 | G69: LP 29 | I69: 43459 | J69: 943.6 | K69: 43459 | L69: 943.6 | M69: 0 | N69: ='ENS TEMP 201819'!$L26-'ENS TEMP 201819'!$J26 | O69: 43518 | P69: 43558 | Q69: 0.621 | X69: .
A70: 169 | B70: Plot Válido | C70: 1 | D70: 6 | E70: 139 | F70: 17.2966 | G70: LP 2 | I70: 43466 | J70: 1059.6 | K70: 43467 | L70: 1080.75 | M70: 21.15 | N70: ='ENS TEMP 201819'!$L231-'ENS TEMP 201819'!$J231 | O70: 43530 | P70: 43576 | Q70: 0.507 | X70: .
A71: 170 | B71: Plot Válido | C71: 1 | D71: 6 | E71: 98 | F71: 17.2886 | G71: LP 197 | I71: 43458 | J71: 927.2 | K71: 43460 | L71: 959.9 | M71: 32.7 | N71: ='ENS TEMP 201819'!$L24-'ENS TEMP 201819'!$J24 | O71: 43514 | P71: 43531 | Q71: 0.252 | X71: .
A72: 171 | B72: Plot Válido | C72: 1 | D72: 6 | E72: 69 | F72: 17.2822 | G72: [SynSDSP] 04.3990-1.1.1.1.1.1.# | I72: 43460 | J72: 959.9 | K72: 43460 | L72: 959.9 | M72: 0 | N72: ='ENS TEMP 201819'!$L58-'ENS TEMP 201819'!$J58 | O72: 43514 | P72: 43567 | Q72: 0.377 | X72: .
A73: 172 | B73: Se descarta | C73: 1 | D73: 6 | E73: 161 | F73: 17.3010 | G73: 160 (Sint. Líneas Arg. X Líneas Canadá) | I73: 43464 | J73: 1028.65 | K73: 43464 | L73: 1028.65 | M73: 0 | N73: ='ENS TEMP 201819'!$L164-'ENS TEMP 201819'!$J164 | O73: 43531 | P73: 43595 | Q73: 0.421 | X73: .
A74: 173 | B74: Plot Válido | C74: 1 | D74: 7 | E74: 140 | F74: 17.2968 | G74: LP 869 | I74: 43467 | J74: 1080.75 | K74: 43473 | L74: 1169.35 | M74: 88.6 | N74: ='ENS TEMP 201819'!$L258-'ENS TEMP 201819'!$J258 | O74: 43532 | P74: 43583 | Q74: 0.402 | X74: .
A75: 174 | B75: Se descarta | C75: 1 | D75: 7 | E75: 14 | F75: 17.2582 | G75: BKBS13idprov901947-1-238-1-1-1-1#1 | I75: 43468 | J75: 1094.25 | K75: 43468 | L75: 1094.25 | M75: 0 | N75: ='ENS TEMP 201819'!$L282-'ENS TEMP 201819'!$J282 | O75: 43516 | P75: 43587 | Q75: 0.287 | X75: .
A76: 175 | B76: Plot Válido | C76: 1 | D76: 7 | E76: 20 | F76: 17.2596 | G76: bulk 04.1973-88-1-1-1#1#1 | I76: 43470 | J76: 1122.85 | K76: 43471 | L76: 1136.6 | M76: 13.75 | N76: ='ENS TEMP 201819'!$L311-'ENS TEMP 201819'!$J311 | O76: 43542 | P76: 43590 | Q76: 0.536 | X76: .
A77: 176 | B77: Plot Válido | C77: 1 | D77: 7 | E77: 41 | F77: 17.2642 | G77: 94.1283-1-1#-1#2#1-1#1#1#1#1#1#1#1#4-1 | I77: 43462 | J77: 995.2 | K77: 43462 | L77: 995.2 | M77: 0 | N77: ='ENS TEMP 201819'!$L107-'ENS TEMP 201819'!$J107 | O77: 43514 | P77: 43568 | Q77: 0.368 | R77: 6 | S77: 2.5 | V77: 0.5 | X77: .
A78: 177 | B78: Se descarta | C78: 1 | D78: 7 | E78: 118 | F78: 17.2926 | G78: LP 199 | I78: 43470 | J78: 1122.85 | K78: 43471 | L78: 1136.6 | M78: 13.75 | N78: ='ENS TEMP 201819'!$L312-'ENS TEMP 201819'!$J312 | O78: 43523 | P78: 43595 | Q78: 0.313 | X78: .
A79: 178 | B79: Se descarta | C79: 1 | D79: 7 | E79: 155 | F79: 17.2998 | G79: 2188 (Sint. Semi Dentada) | I79: 43459 | J79: 943.6 | K79: 43459 | L79: 943.6 | M79: 0 | N79: ='ENS TEMP 201819'!$L27-'ENS TEMP 201819'!$J27 | O79: 43519 | P79: 43599 | Q79: 0.308 | X79: .
A80: 179 | B80: Plot Válido | C80: 1 | D80: 7 | E80: 47 | F80: 17.2654 | G80: (7310x7266)-1-1 | I80: 43474 | J80: 1184.15 | K80: 43469 | L80: 1108.05 | M80: -76.1 | N80: ='ENS TEMP 201819'!$L323-'ENS TEMP 201819'!$J323 | O80: 43540 | P80: 43587 | Q80: 0.456 | X80: .
A81: 180 | B81: Plot Válido | C81: 1 | D81: 7 | E81: 143 | F81: 17.2974 | G81: LP 918 | I81: 43469 | J81: 1108.05 | K81: 43469 | L81: 1108.05 | M81: 0 | N81: ='ENS TEMP 201819'!$L295-'ENS TEMP 201819'!$J295 | O81: 43527 | P81: 43600 | Q81: 0.357 | X81: .
A82: 181 | B82: Se descarta | C82: 1 | D82: 7 | E82: 35 | F82: 17.2630 | G82: (95.6277/6278)F2-bk25eS1-9-1-1-1-1-1##1#1-1 | N82: ='ENS TEMP 201819'!$L327-'ENS TEMP 201819'!$J327 | X82: .
A83: 182 | B83: Plot Válido | C83: 1 | D83: 7 | E83: 3 | F83: 17.2560 | G83: BKBS13idprov901947-1-42 -1-1-1-1#1 | I83: 43461 | J83: 977.15 | K83: 43462 | L83: 995.2 | M83: 18.05 | N83: ='ENS TEMP 201819'!$L85-'ENS TEMP 201819'!$J85 | O83: 43518 | P83: 43571 | Q83: 0.406 | X83: .
A84: 183 | B84: Se descarta | C84: 1 | D84: 7 | E84: 91 | F84: 17.2872 | G84: [DK638] 04.651-1.1.1.1.1.# | I84: 43466 | J84: 1059.6 | K84: 43466 | L84: 1059.6 | M84: 0 | N84: ='ENS TEMP 201819'!$L232-'ENS TEMP 201819'!$J232 | O84: 43517 | P84: 43565 | R84: 4 AC | S84: 2.5 | V84: 1 | X84: .
A85: 184 | B85: Plot Válido | C85: 1 | D85: 7 | E85: 42 | F85: 17.2644 | G85: 94.1332-2#1-1#1-1#1#1#1#1#1#1#1#1-1 | I85: 43469 | J85: 1108.05 | K85: 43469 | L85: 1108.05 | M85: 0 | N85: ='ENS TEMP 201819'!$L296-'ENS TEMP 201819'!$J296 | O85: 43545 | P85: 43596 | Q85: 0.404 | X85: .
A86: 185 | B86: Se descarta | C86: 1 | D86: 8 | E86: 99 | F86: 17.2888 | G86: LP 223 | I86: 43454 | J86: 865.55 | K86: 43455 | L86: 878.85 | M86: 13.3 | N86: ='ENS TEMP 201819'!$L10-'ENS TEMP 201819'!$J10 | O86: 43514 | P86: 43533 | Q86: 0.401 | X86: .
A87: 186 | B87: Plot Válido | C87: 1 | D87: 8 | E87: 150 | F87: 17.2988 | G87: LP 178 | I87: 43461 | J87: 977.15 | K87: 43461 | L87: 977.15 | M87: 0 | N87: ='ENS TEMP 201819'!$L86-'ENS TEMP 201819'!$J86 | O87: 43521 | P87: 43567 | Q87: 0.494 | X87: .
A88: 187 | B88: Plot Válido | C88: 1 | D88: 8 | E88: 121 | F88: 17.2932//15.407 | G88: LP 521 | I88: 43462 | J88: 995.2 | K88: 43462 | L88: 995.2 | M88: 0 | N88: ='ENS TEMP 201819'!$L108-'ENS TEMP 201819'!$J108 | O88: 43516 | P88: 43549 | Q88: 0.494 | R88: 5 | S88: 2.5 | V88: 0 | X88: .
A89: 188 | B89: Plot Válido | C89: 1 | D89: 8 | E89: 49 | F89: 17.2662 | G89: (7310x7266)-1-11 | I89: 43466 | J89: 1059.6 | K89: 43469 | L89: 1108.05 | M89: 48.45 | N89: ='ENS TEMP 201819'!$L233-'ENS TEMP 201819'!$J233 | O89: 43532 | P89: 43601 | Q89: 0.742 | X89: .
A90: 189 | B90: Plot Válido | C90: 1 | D90: 8 | E90: 97 | F90: 17.2884 | G90: LP 299-2 | I90: 43455 | J90: 878.85 | K90: 43456 | L90: 893.5 | M90: 14.65 | N90: ='ENS TEMP 201819'!$L14-'ENS TEMP 201819'!$J14 | O90: 43514 | P90: 43575 | Q90: 0.172 | X90: .
A91: 190 | B91: Plot Válido | C91: 1 | D91: 8 | E91: 142 | F91: 17.2972 | G91: LP 179 | I91: 43466 | J91: 1059.6 | K91: 43467 | L91: 1080.75 | M91: 21.15 | N91: ='ENS TEMP 201819'!$L234-'ENS TEMP 201819'!$J234 | O91: 43529 | P91: 43591 | Q91: 0.407 | X91: .
A92: 191 | B92: Plot Válido | C92: 1 | D92: 8 | E92: 145 | F92: 17.2978 | G92: LP 916 | I92: 43466 | J92: 1059.6 | K92: 43466 | L92: 1059.6 | M92: 0 | N92: ='ENS TEMP 201819'!$L235-'ENS TEMP 201819'!$J235 | O92: 43539 | P92: 43589 | Q92: 0.493 | X92: .
A93: 192 | B93: Plot Válido | C93: 1 | D93: 8 | E93: 135 | F93: 17.2960 | G93: LP 4703 | I93: 43461 | J93: 977.15 | K93: 43464 | L93: 1028.65 | M93: 51.5 | N93: ='ENS TEMP 201819'!$L87-'ENS TEMP 201819'!$J87 | O93: 43521 | P93: 43584 | Q93: 0.386 | X93: .
A94: 193 | B94: Plot Válido | C94: 1 | D94: 8 | E94: 90 | F94: 17.2870 | G94: [DK638] 04.650-1.1.1.1.1.# | I94: 43465 | J94: 1041.6 | K94: 43465 | L94: 1041.6 | M94: 0 | N94: ='ENS TEMP 201819'!$L202-'ENS TEMP 201819'!$J202 | O94: 43511 | P94: 43551 | Q94: 0.499 | X94: .
A95: 194 | B95: Plot Válido | C95: 1 | D95: 8 | E95: 75 | F95: 17.2836 | G95: [M 11] 04.665-1.1.1.1.1.# | I95: 43460 | J95: 959.9 | K95: 43460 | L95: 959.9 | M95: 0 | N95: ='ENS TEMP 201819'!$L59-'ENS TEMP 201819'!$J59 | O95: 43514 | P95: 43575 | Q95: 0.243 | X95: .
A96: 195 | B96: Se descarta | C96: 1 | D96: 8 | E96: 159 | F96: 17.3006 | G96: 4048 (Sint. Cuarentin x L 1571) | I96: 43461 | J96: 977.15 | K96: 43461 | L96: 977.15 | M96: 0 | N96: ='ENS TEMP 201819'!$L88-'ENS TEMP 201819'!$J88 | O96: 43521 | P96: 43577 | Q96: 0.464 | X96: .
A97: 196 | B97: Plot Válido | C97: 1 | D97: 8 | E97: 84 | F97: 17.2858 | G97: [AX889] 04.731-1.1.1.1.1.# | I97: 43462 | J97: 995.2 | K97: 43463 | L97: 1013.8 | M97: 18.6 | N97: ='ENS TEMP 201819'!$L109-'ENS TEMP 201819'!$J109 | O97: 43521 | P97: 43553 | Q97: 0.791 | R97: 6 VR | S97: 2.5 | V97: 2 | X97: .
A98: 197 | B98: Plot Válido | C98: 1 | D98: 9 | E98: 103 | F98: 17.2896 | G98: LP 311 | I98: 43454 | J98: 865.55 | K98: 43454 | L98: 865.55 | M98: 0 | N98: ='ENS TEMP 201819'!$L11-'ENS TEMP 201819'!$J11 | O98: 43514 | P98: 43575 | Q98: 0.475 | X98: .
A99: 198 | B99: Se descarta | C99: 1 | D99: 9 | E99: 128 | F99: 17.2946 | G99: LP 662 | N99: ='ENS TEMP 201819'!$L328-'ENS TEMP 201819'!$J328 | X99: .
A100: 199 | B100: Se descarta | C100: 1 | D100: 9 | E100: 146 | F100: 17.2980 | G100: LP 580 | I100: 43465 | J100: 1041.6 | K100: 43465 | L100: 1041.6 | M100: 0 | N100: ='ENS TEMP 201819'!$L203-'ENS TEMP 201819'!$J203 | O100: 43517 | P100: 43568 | Q100: 0.424 | X100: .
...

Sheet Tabla dinámica TSG
E2: Fecha MC | F2: Hum MC | G2: TSG
E3: =VLOOKUP(A3,$H$2:$J$203,3,FALSE) | F3: =VLOOKUP(A3,$H$2:$J$203,2,FALSE) | G3: =(C3-F3)/(E3-B3)
E4: =VLOOKUP(A4,$H$2:$J$203,3,FALSE) | F4: =VLOOKUP(A4,$H$2:$J$203,2,FALSE) | G4: =(C4-F4)/(E4-B4)
E5: =VLOOKUP(A5,$H$2:$J$203,3,FALSE) | F5: =VLOOKUP(A5,$H$2:$J$203,2,FALSE) | G5: =(C5-F5)/(E5-B5)
E6: =VLOOKUP(A6,$H$2:$J$203,3,FALSE) | F6: =VLOOKUP(A6,$H$2:$J$203,2,FALSE) | G6: =(C6-F6)/(E6-B6)
E7: =VLOOKUP(A7,$H$2:$J$203,3,FALSE) | F7: =VLOOKUP(A7,$H$2:$J$203,2,FALSE) | G7: =(C7-F7)/(E7-B7)
E8: =VLOOKUP(A8,$H$2:$J$203,3,FALSE) | F8: =VLOOKUP(A8,$H$2:$J$203,2,FALSE) | G8: =(C8-F8)/(E8-B8)
E9: =VLOOKUP(A9,$H$2:$J$203,3,FALSE) | F9: =VLOOKUP(A9,$H$2:$J$203,2,FALSE) | G9: =(C9-F9)/(E9-B9)
E10: =VLOOKUP(A10,$H$2:$J$203,3,FALSE) | F10: =VLOOKUP(A10,$H$2:$J$203,2,FALSE) | G10: =(C10-F10)/(E10-B10)
E11: =VLOOKUP(A11,$H$2:$J$203,3,FALSE) | F11: =VLOOKUP(A11,$H$2:$J$203,2,FALSE) | G11: =(C11-F11)/(E11-B11)
E12: =VLOOKUP(A12,$H$2:$J$203,3,FALSE) | F12: =VLOOKUP(A12,$H$2:$J$203,2,FALSE) | G12: =(C12-F12)/(E12-B12)
E13: =VLOOKUP(A13,$H$2:$J$203,3,FALSE) | F13: =VLOOKUP(A13,$H$2:$J$203,2,FALSE) | G13: =(C13-F13)/(E13-B13)
E14: =VLOOKUP(A14,$H$2:$J$203,3,FALSE) | F14: =VLOOKUP(A14,$H$2:$J$203,2,FALSE) | G14: =(C14-F14)/(E14-B14)
... E196: =VLOOKUP(A196,$H$2:$J$203,3,FALSE) | F196: =VLOOKUP(A196,$H$2:$J$203,2,FALSE) | G196: =(C196-F196)/(E196-B196)

Sheet Tabla dinámica TEMP
A1: Año | B1: Ensayo | C1: Localidad
A2: 2019 | B2: Temprano | C2: Pergamino
A3: 2018 | B3: Temprano | C3: Pergamino
A4: 2018 | B4: Temprano | C4: Pergamino
A5: 2018 | B5: Temprano | C5: Pergamino
A6: 2018 | B6: Temprano | C6: Pergamino
A7: 2018 | B7: Temprano | C7: Pergamino
A8: 2018 | B8: Temprano | C8: Pergamino
A9: 2018 | B9: Temprano | C9: Pergamino
A10: 2018 | B10: Temprano | C10: Pergamino
A11: 2018 | B11: Temprano | C11: Pergamino
A12: 2018 | B12: Temprano | C12: Pergamino
A13: 2018 | B13: Temprano | C13: Pergamino
... A51: 2018 | B51: Temprano | C51: Pergamino

Sheet HUM TARD
A1: Nº Muestra | B1: Lata | C1: PLOT | D1: Muestreo | E1: Fecha | F1: Peso Tara | G1: Peso Húmedo | H1: Peso Seco | I1: Chala | J1: HUM | K1: MF1 | L1: HUM X | M1: DE | N1: Columna1 | O1: TSG | P1: Peso Seco Mil | Q1: P_S_Mil | R1: MF | S1: MC | T1: Comportamiento Peso | U1: Comportamiento HM X | V1: Decisión
A2: 3245 | B2: 1 | C2: 101 | D2: 13 | E2: 43587 | F2: 5301 | G2: 8480 | H2: 7635 | I2: 1 | J2: =+(((G2-F2)-(H2-F2))/(H2-F2))*100 | K2: 1/4 | L2: =AVERAGE(J2:J3) | M2: =_xlfn.STDEV.S(J2,J3) | N2: 1 | P2: =+(((H2-F2)/1000)*1000)/10 | Q2: =AVERAGE(P2:P3) | R2: VERDADERO | S2: FALSO | T2: Esperado | U2: Esperado | V2: Plot Válido
A3: 3246 | B3: 2 | C3: 101 | D3: 13 | E3: 43587 | F3: 5190 | G3: 8093 | H3: 7277 | J3: =+(((G3-F3)-(H3-F3))/(H3-F3))*100 | P3: =+(((H3-F3)/1000)*1000)/10 | R3: FALSO | S3: FALSO | T3: Esperado | U3: Esperado | V3: Plot Válido
A4: 3971 | B4: 1 | C4: 101 | D4: 15 | E4: 43599 | F4: 5301 | G4: 9609 | H4: 8132 | J4: =+(((G4-F4)-(H4-F4))/(H4-F4))*100 | K4: 10/5 | L4: =AVERAGE(J4:J5) | M4: =_xlfn.STDEV.S(J4,J5) | P4: =+(((H4-F4)/1000)*1000)/10 | Q4: =AVERAGE(P4:P5) | R4: FALSO | S4: FALSO | T4: Esperado | U4: No Esperado | V4: Plot Válido
A5: 3972 | B5: 2 | C5: 101 | D5: 15 | E5: 43599 | F5: 5190 | G5: 8993 | H5: 7675 | J5: =+(((G5-F5)-(H5-F5))/(H5-F5))*100 | P5: =+(((H5-F5)/1000)*1000)/10 | R5: FALSO | S5: FALSO | T5: Esperado | U5: No Esperado | V5: Plot Válido
A6: 4617 | B6: 1 | C6: 101 | D6: 17 | E6: 43619 | F6: 5301 | G6: 6901 | H6: 6651 | J6: =+(((G6-F6)-(H6-F6))/(H6-F6))*100 | L6: =AVERAGE(J6:J7) | M6: =_xlfn.STDEV.S(J6,J7) | P6: =+(((H6-F6)/1000)*1000)/10 | Q6: =AVERAGE(P6:P7) | R6: FALSO | S6: FALSO | T6: No Esperado | U6: Esperado | V6: Plot Válido
A7: 4618 | B7: 2 | C7: 101 | D7: 17 | E7: 43619 | F7: 5190 | G7: 6731 | H7: 6495 | J7: =+(((G7-F7)-(H7-F7))/(H7-F7))*100 | P7: =+(((H7-F7)/1000)*1000)/10 | R7: FALSO | S7: FALSO | T7: No Esperado | U7: Esperado | V7: Plot Válido
A8: 5263 | B8: 1 | C8: 101 | D8: 19 | E8: 43637 | F8: 5301 | G8: 8381 | H8: 7759 | I8: 9/10 | J8: =+(((G8-F8)-(H8-F8))/(H8-F8))*100 | L8: =AVERAGE(J8:J9) | M8: =_xlfn.STDEV.S(J8,J9) | P8: =+(((H8-F8)/1000)*1000)/10 | Q8: =AVERAGE(P8:P9) | R8: FALSO | S8: FALSO | T8: Esperado | U8: No Esperado | V8: Plot Válido
A9: 5264 | B9: 2 | C9: 101 | D9: 19 | E9: 43637 | F9: 5190 | G9: 8166 | H9: 7567 | J9: =+(((G9-F9)-(H9-F9))/(H9-F9))*100 | P9: =+(((H9-F9)/1000)*1000)/10 | R9: FALSO | S9: FALSO | T9: Esperado | U9: No Esperado | V9: Plot Válido
A10: 5509 | B10: 1 | C10: 101 | D10: 20 | E10: 43649 | F10: 5301 | G10: 8263 | H10: 7715 | I10: 9 | J10: =+(((G10-F10)-(H10-F10))/(H10-F10))*100 | L10: =AVERAGE(J10:J11) | M10: =_xlfn.STDEV.S(J10,J11) | P10: =+(((H10-F10)/1000)*1000)/10 | Q10: =AVERAGE(P10:P11) | R10: FALSO | S10: FALSO | T10: Esperado | U10: No Esperado | V10: Plot Válido
A11: 5510 | B11: 2 | C11: 101 | D11: 20 | E11: 43649 | F11: 5190 | G11: 8070 | H11: 7542 | J11: =+(((G11-F11)-(H11-F11))/(H11-F11))*100 | P11: =+(((H11-F11)/1000)*1000)/10 | R11: FALSO | S11: FALSO | T11: Esperado | U11: No Esperado | V11: Plot Válido
A12: 5755 | B12: 1 | C12: 101 | D12: 22 | E12: 43685 | F12: 5301 | G12: 7766 | H12: 7421 | I12: 6 | J12: =+(((G12-F12)-(H12-F12))/(H12-F12))*100 | L12: =AVERAGE(J12:J13) | M12: =_xlfn.STDEV.S(J12,J13) | N12: =(L10-L12)/36 | O12: =(L8-L12)/48 | P12: =+(((H12-F12)/1000)*1000)/10 | Q12: =AVERAGE(P12:P13) | R12: FALSO | S12: VERDADERO | T12: No Esperado | U12: Esperado | V12: Plot Válido
A13: 5756 | B13: 1 | C13: 101 | D13: 22 | E13: 43685 | F13: 5301 | G13: 7801 | H13: 7462 | J13: =+(((G13-F13)-(H13-F13))/(H13-F13))*100 | P13: =+(((H13-F13)/1000)*1000)/10 | R13: FALSO | S13: FALSO | T13: No Esperado | U13: Esperado | V13: Plot Válido
A14: 3247 | B14: 3 | C14: 102 | D14: 13 | E14: 43587 | F14: 5258 | G14: 9293 | H14: 7999 | I14: 1 | J14: =+(((G14-F14)-(H14-F14))/(H14-F14))*100 | K14: 1/2 | L14: =AVERAGE(J14:J15) | M14: =_xlfn.STDEV.S(J14,J15) | N14: 1 | P14: =+(((H14-F14)/1000)*1000)/10 | Q14: =AVERAGE(P14:P15) | R14: FALSO | S14: FALSO | T14: Esperado | U14: Esperado | V14: Plot Válido
A15: 3248 | B15: 4 | C15: 102 | D15: 13 | E15: 43587 | F15: 5259 | G15: 9138 | H15: 7924 | J15: =+(((G15-F15)-(H15-F15))/(H15-F15))*100 | P15: =+(((H15-F15)/1000)*1000)/10 | R15: FALSO | S15: FALSO | T15: Esperado | U15: Esperado | V15: Plot Válido
A16: 3973 | B16: 3 | C16: 102 | D16: 15 | E16: 43599 | F16: 5258 | G16: 8236 | H16: 7373 | J16: =+(((G16-F16)-(H16-F16))/(H16-F16))*100 | K16: MF* | L16: =AVERAGE(J16:J17) | M16: =_xlfn.STDEV.S(J16,J17) | P16: =+(((H16-F16)/1000)*1000)/10 | Q16: =AVERAGE(P16:P17) | R16: FALSO | S16: FALSO | T16: Esperado | U16: Esperado | V16: Plot Válido
A17: 3974 | B17: 4 | C17: 102 | D17: 15 | E17: 43599 | F17: 5259 | G17: 8423 | H17: 7537 | J17: =+(((G17-F17)-(H17-F17))/(H17-F17))*100 | P17: =+(((H17-F17)/1000)*1000)/10 | R17: FALSO | S17: FALSO | T17: Esperado | U17: Esperado | V17: Plot Válido
A18: 4619 | B18: 3 | C18: 102 | D18: 17 | E18: 43619 | F18: 5258 | G18: 7811 | H18: 7349 | J18: =+(((G18-F18)-(H18-F18))/(H18-F18))*100 | L18: =AVERAGE(J18:J19) | M18: =_xlfn.STDEV.S(J18,J19) | P18: =+(((H18-F18)/1000)*1000)/10 | Q18: =AVERAGE(P18:P19) | R18: FALSO | S18: FALSO | T18: Esperado | U18: Esperado | V18: Plot Válido
A19: 4620 | B19: 4 | C19: 102 | D19: 17 | E19: 43619 | F19: 5259 | G19: 7715 | H19: 7282 | J19: =+(((G19-F19)-(H19-F19))/(H19-F19))*100 | P19: =+(((H19-F19)/1000)*1000)/10 | R19: FALSO | S19: FALSO | T19: Esperado | U19: Esperado | V19: Plot Válido
A20: 5265 | B20: 3 | C20: 102 | D20: 19 | E20: 43637 | F20: 5258 | G20: 9414 | H20: 8355 | I20: 6 | J20: =+(((G20-F20)-(H20-F20))/(H20-F20))*100 | L20: =AVERAGE(J20:J21) | M20: =_xlfn.STDEV.S(J20,J21) | P20: =+(((H20-F20)/1000)*1000)/10 | Q20: =AVERAGE(P20:P21) | R20: VERDADERO | S20: FALSO | T20: Esperado | U20: No Esperado | V20: Plot Válido
A21: 5266 | B21: 4 | C21: 102 | D21: 19 | E21: 43637 | F21: 5259 | G21: 9455 | H21: 8361 | J21: =+(((G21-F21)-(H21-F21))/(H21-F21))*100 | P21: =+(((H21-F21)/1000)*1000)/10 | R21: FALSO | S21: FALSO | T21: Esperado | U21: No Esperado | V21: Plot Válido
A22: 5757 | B22: 2 | C22: 102 | D22: 22 | E22: 43685 | F22: 5190 | G22: 7725 | H22: 7370 | I22: 6 | J22: =+(((G22-F22)-(H22-F22))/(H22-F22))*100 | L22: =AVERAGE(J22:J23) | M22: =_xlfn.STDEV.S(J22,J23) | N22: =(L18-L22)/66 | O22: =(L16-L22)/86 | P22: =+(((H22-F22)/1000)*1000)/10 | Q22: =AVERAGE(P22:P23) | R22: FALSO | S22: FALSO | T22: No Esperado | U22: Esperado | V22: Plot Válido
A23: 5758 | B23: 2 | C23: 102 | D23: 22 | E23: 43685 | F23: 5190 | G23: 7597 | H23: 7266 | J23: =+(((G23-F23)-(H23-F23))/(H23-F23))*100 | P23: =+(((H23-F23)/1000)*1000)/10 | R23: FALSO | S23: FALSO | T23: No Esperado | U23: Esperado | V23: Plot Válido
A24: 3627 | B24: 49 | C24: 103 | D24: 14 | E24: 43591 | F24: 5203 | G24: 7980 | H24: 7170 | I24: 2 | J24: =+(((G24-F24)-(H24-F24))/(H24-F24))*100 | K24: MF | L24: =AVERAGE(J24:J25) | M24: =_xlfn.STDEV.S(J24,J25) | N24: 2 | P24: =+(((H24-F24)/1000)*1000)/10 | Q24: =AVERAGE(P24:P25) | R24: FALSO | S24: FALSO | V24: Se descarta
A25: 3628 | B25: 50 | C25: 103 | D25: 14 | E25: 43591 | F25: 5251 | G25: 7996 | H25: 7177 | J25: =+(((G25-F25)-(H25-F25))/(H25-F25))*100 | P25: =+(((H25-F25)/1000)*1000)/10 | R25: FALSO | S25: FALSO | V25: Se descarta
A26: 4295 | B26: 1 | C26: 103 | D26: 16 | E26: 43607 | F26: 5301 | G26: 7689 | H26: 7126 | I26: 2 | J26: =+(((G26-F26)-(H26-F26))/(H26-F26))*100 | L26: =AVERAGE(J26:J27) | M26: =_xlfn.STDEV.S(J26,J27) | P26: =+(((H26-F26)/1000)*1000)/10 | Q26: =AVERAGE(P26:P27) | R26: FALSO | S26: FALSO | V26: Se descarta
A27: 4296 | B27: 2 | C27: 103 | D27: 16 | E27: 43607 | F27: 5190 | G27: 7602 | H27: 7029 | J27: =+(((G27-F27)-(H27-F27))/(H27-F27))*100 | P27: =+(((H27-F27)/1000)*1000)/10 | R27: FALSO | S27: FALSO | V27: Se descarta
A28: 4941 | B28: 1 | C28: 103 | D28: 18 | E28: 43626 | F28: 5301 | G28: 7918 | H28: 7461 | I28: 13 | J28: =+(((G28-F28)-(H28-F28))/(H28-F28))*100 | L28: =AVERAGE(J28:J29) | M28: =_xlfn.STDEV.S(J28,J29) | P28: =+(((H28-F28)/1000)*1000)/10 | Q28: =AVERAGE(P28:P29) | R28: FALSO | S28: FALSO | V28: Se descarta
A29: 4942 | B29: 2 | C29: 103 | D29: 18 | E29: 43626 | F29: 5190 | G29: 7592 | H29: 7159 | J29: =+(((G29-F29)-(H29-F29))/(H29-F29))*100 | P29: =+(((H29-F29)/1000)*1000)/10 | R29: FALSO | S29: FALSO | V29: Se descarta
A30: 5557 | B30: 1 | C30: 103 | D30: 21 | E30: 43657 | F30: 5301 | G30: 7923 | H30: 7497 | I30: 13 | J30: =+(((G30-F30)-(H30-F30))/(H30-F30))*100 | L30: =AVERAGE(J30:J31) | M30: =_xlfn.STDEV.S(J30,J31) | P30: =+(((H30-F30)/1000)*1000)/10 | Q30: =AVERAGE(P30:P31) | R30: FALSO | S30: FALSO | V30: Se descarta
A31: 5558 | B31: 2 | C31: 103 | D31: 21 | E31: 43657 | F31: 5190 | G31: 7912 | H31: 7456 | J31: =+(((G31-F31)-(H31-F31))/(H31-F31))*100 | P31: =+(((H31-F31)/1000)*1000)/10 | R31: FALSO | S31: FALSO | V31: Se descarta
A32: 5759 | B32: 3 | C32: 103 | D32: 22 | E32: 43685 | F32: 5258 | G32: 7291 | H32: 7007 | I32: 13 | J32: =+(((G32-F32)-(H32-F32))/(H32-F32))*100 | L32: =AVERAGE(J32:J33) | M32: =_xlfn.STDEV.S(J32,J33) | P32: =+(((H32-F32)/1000)*1000)/10 | Q32: =AVERAGE(P32:P33) | R32: FALSO | S32: FALSO | V32: Se descarta
A33: 5760 | B33: 3 | C33: 103 | D33: 22 | E33: 43685 | F33: 5258 | G33: 7368 | H33: 7077 | J33: =+(((G33-F33)-(H33-F33))/(H33-F33))*100 | P33: =+(((H33-F33)/1000)*1000)/10 | R33: FALSO | S33: FALSO | V33: Se descarta
A34: 3249 | B34: 5 | C34: 104 | D34: 13 | E34: 43587 | F34: 5236 | G34: 7239 | H34: 6821 | I34: 1 | J34: =+(((G34-F34)-(H34-F34))/(H34-F34))*100 | K34: MF | L34: =AVERAGE(J34:J35) | M34: =_xlfn.STDEV.S(J34,J35) | N34: 1 | P34: =+(((H34-F34)/1000)*1000)/10 | Q34: =AVERAGE(P34:P35) | R34: FALSO | S34: FALSO | V34: Se descarta
A35: 3250 | B35: 6 | C35: 104 | D35: 13 | E35: 43587 | F35: 5259 | G35: 7188 | H35: 6786 | J35: =+(((G35-F35)-(H35-F35))/(H35-F35))*100 | P35: =+(((H35-F35)/1000)*1000)/10 | R35: FALSO | S35: FALSO | V35: Se descarta
A36: 3975 | B36: 5 | C36: 104 | D36: 15 | E36: 43599 | F36: 5236 | G36: 7120 | H36: 6744 | J36: =+(((G36-F36)-(H36-F36))/(H36-F36))*100 | L36: =AVERAGE(J36:J37) | M36: =_xlfn.STDEV.S(J36,J37) | P36: =+(((H36-F36)/1000)*1000)/10 | Q36: =AVERAGE(P36:P37) | R36: FALSO | S36: FALSO | V36: Se descarta
A37: 3976 | B37: 6 | C37: 104 | D37: 15 | E37: 43599 | F37: 5259 | G37: 7153 | H37: 6787 | J37: =+(((G37-F37)-(H37-F37))/(H37-F37))*100 | P37: =+(((H37-F37)/1000)*1000)/10 | R37: FALSO | S37: FALSO | V37: Se descarta
A38: 4621 | B38: 5 | C38: 104 | D38: 17 | E38: 43619 | F38: 5236 | G38: 7185 | H38: 6842 | J38: =+(((G38-F38)-(H38-F38))/(H38-F38))*100 | L38: =AVERAGE(J38:J39) | M38: =_xlfn.STDEV.S(J38,J39) | P38: =+(((H38-F38)/1000)*1000)/10 | Q38: =AVERAGE(P38:P39) | R38: FALSO | S38: FALSO | V38: Se descarta
A39: 4622 | B39: 6 | C39: 104 | D39: 17 | E39: 43619 | F39: 5259 | G39: 7206 | H39: 6864 | J39: =+(((G39-F39)-(H39-F39))/(H39-F39))*100 | P39: =+(((H39-F39)/1000)*1000)/10 | R39: FALSO | S39: FALSO | V39: Se descarta
A40: 5267 | B40: 5 | C40: 104 | D40: 19 | E40: 43637 | F40: 5236 | G40: 7128 | H40: 6764 | I40: 10 | J40: =+(((G40-F40)-(H40-F40))/(H40-F40))*100 | L40: =AVERAGE(J40:J41) | M40: =_xlfn.STDEV.S(J40,J41) | P40: =+(((H40-F40)/1000)*1000)/10 | Q40: =AVERAGE(P40:P41) | R40: FALSO | S40: FALSO | V40: Se descarta
A41: 5268 | B41: 6 | C41: 104 | D41: 19 | E41: 43637 | F41: 5259 | G41: 7210 | H41: 6838 | J41: =+(((G41-F41)-(H41-F41))/(H41-F41))*100 | P41: =+(((H41-F41)/1000)*1000)/10 | R41: FALSO | S41: FALSO | V41: Se descarta
A42: 5761 | B42: 4 | C42: 104 | D42: 22 | E42: 43685 | F42: 5259 | G42: 7232 | H42: 6967 | I42: 10 | J42: =+(((G42-F42)-(H42-F42))/(H42-F42))*100 | L42: =AVERAGE(J42:J43) | M42: =_xlfn.STDEV.S(J42,J43) | N42: =(L40-L42)/48 | O42: =(L34-L42)/98 | P42: =+(((H42-F42)/1000)*1000)/10 | Q42: =AVERAGE(P42:P43) | R42: FALSO | S42: VERDADERO | V42: Se descarta
A43: 5762 | B43: 4 | C43: 104 | D43: 22 | E43: 43685 | F43: 5259 | G43: 7236 | H43: 6961 | J43: =+(((G43-F43)-(H43-F43))/(H43-F43))*100 | P43: =+(((H43-F43)/1000)*1000)/10 | R43: FALSO | S43: FALSO | V43: Se descarta
A44: 3251 | B44: 7 | C44: 105 | D44: 13 | E44: 43587 | F44: 5232 | G44: 8204 | H44: 7323 | I44: 1 | J44: =+(((G44-F44)-(H44-F44))/(H44-F44))*100 | K44: 1/2 | L44: =AVERAGE(J44:J45) | M44: =_xlfn.STDEV.S(J44,J45) | N44: 2 | P44: =+(((H44-F44)/1000)*1000)/10 | Q44: =AVERAGE(P44:P45) | R44: FALSO | S44: FALSO | V44: Plot Válido
A45: 3252 | B45: 8 | C45: 105 | D45: 13 | E45: 43587 | F45: 5221 | G45: 8235 | H45: 7336 | J45: =+(((G45-F45)-(H45-F45))/(H45-F45))*100 | P45: =+(((H45-F45)/1000)*1000)/10 | R45: FALSO | S45: FALSO | V45: Plot Válido
A46: 3977 | B46: 7 | C46: 105 | D46: 15 | E46: 43599 | F46: 5232 | G46: 8303 | H46: 7363 | J46: =+(((G46-F46)-(H46-F46))/(H46-F46))*100 | K46: 13/5 | L46: =AVERAGE(J46:J47) | M46: =_xlfn.STDEV.S(J46,J47) | P46: =+(((H46-F46)/1000)*1000)/10 | Q46: =AVERAGE(P46:P47) | R46: FALSO | S46: FALSO | V46: Plot Válido
A47: 3978 | B47: 8 | C47: 105 | D47: 15 | E47: 43599 | F47: 5221 | G47: 7741 | H47: 6980 | J47: =+(((G47-F47)-(H47-F47))/(H47-F47))*100 | P47: =+(((H47-F47)/1000)*1000)/10 | R47: FALSO | S47: FALSO | V47: Plot Válido
A48: 4623 | B48: 7 | C48: 105 | D48: 17 | E48: 43619 | F48: 5232 | G48: 8786 | H48: 7894 | J48: =+(((G48-F48)-(H48-F48))/(H48-F48))*100 | L48: =AVERAGE(J48:J49) | M48: =_xlfn.STDEV.S(J48,J49) | P48: =+(((H48-F48)/1000)*1000)/10 | Q48: =AVERAGE(P48:P49) | R48: VERDADERO | S48: FALSO | V48: Plot Válido
A49: 4624 | B49: 8 | C49: 105 | D49: 17 | E49: 43619 | F49: 5221 | G49: 8937 | H49: 8017 | J49: =+(((G49-F49)-(H49-F49))/(H49-F49))*100 | P49: =+(((H49-F49)/1000)*1000)/10 | R49: FALSO | S49: FALSO | V49: Plot Válido
A50: 5763 | B50: 5 | C50: 105 | D50: 22 | E50: 43685 | F50: 5236 | G50: 7972 | H50: 7593 | I50: 9 | J50: =+(((G50-F50)-(H50-F50))/(H50-F50))*100 | L50: =AVERAGE(J50:J51) | M50: =_xlfn.STDEV.S(J50,J51) | N50: =(L48-L50)/66 | O50: =(L44-L50)/98 | P50: =+(((H50-F50)/1000)*1000)/10 | Q50: =AVERAGE(P50:P51) | R50: FALSO | S50: FALSO | V50: Plot Válido
A51: 5764 | B51: 5 | C51: 105 | D51: 22 | E51: 43685 | F51: 5236 | G51: 8265 | H51: 7833 | J51: =+(((G51-F51)-(H51-F51))/(H51-F51))*100 | P51: =+(((H51-F51)/1000)*1000)/10 | R51: FALSO | S51: FALSO | V51: Plot Válido
A52: 3253 | B52: 9 | C52: 106 | D52: 13 | E52: 43587 | F52: 5188 | G52: 7735 | H52: 7195 | I52: 1 | J52: =+(((G52-F52)-(H52-F52))/(H52-F52))*100 | K52: MF | L52: =AVERAGE(J52:J53) | M52: =_xlfn.STDEV.S(J52,J53) | N52: 1 | P52: =+(((H52-F52)/1000)*1000)/10 | Q52: =AVERAGE(P52:P53) | R52: FALSO | S52: FALSO | V52: Se descarta
A53: 3254 | B53: 10 | C53: 106 | D53: 13 | E53: 43587 | F53: 5232 | G53: 7844 | H53: 7289 | J53: =+(((G53-F53)-(H53-F53))/(H53-F53))*100 | P53: =+(((H53-F53)/1000)*1000)/10 | R53: FALSO | S53: FALSO | V53: Se descarta
A54: 3979 | B54: 9 | C54: 106 | D54: 15 | E54: 43599 | F54: 5188 | G54: 8367 | H54: 7635 | J54: =+(((G54-F54)-(H54-F54))/(H54-F54))*100 | L54: =AVERAGE(J54:J55) | M54: =_xlfn.STDEV.S(J54,J55) | O54: =(L54-L56)/19 | P54: =+(((H54-F54)/1000)*1000)/10 | Q54: =AVERAGE(P54:P55) | R54: FALSO | S54: FALSO | V54: Se descarta
A55: 3980 | B55: 10 | C55: 106 | D55: 15 | E55: 43599 | F55: 5232 | G55: 8372 | H55: 7663 | J55: =+(((G55-F55)-(H55-F55))/(H55-F55))*100 | P55: =+(((H55-F55)/1000)*1000)/10 | R55: FALSO | S55: FALSO | V55: Se descarta
A56: 4625 | B56: 9 | C56: 106 | D56: 17 | E56: 43619 | F56: 5188 | G56: 7778 | H56: 7353 | J56: =+(((G56-F56)-(H56-F56))/(H56-F56))*100 | L56: =AVERAGE(J56:J57) | M56: =_xlfn.STDEV.S(J56,J57) | P56: =+(((H56-F56)/1000)*1000)/10 | Q56: =AVERAGE(P56:P57) | R56: FALSO | S56: FALSO | V56: Se descarta
A57: 4626 | B57: 10 | C57: 106 | D57: 17 | E57: 43619 | F57: 5232 | G57: 7638 | H57: 7245 | J57: =+(((G57-F57)-(H57-F57))/(H57-F57))*100 | P57: =+(((H57-F57)/1000)*1000)/10 | R57: FALSO | S57: FALSO | V57: Se descarta
A58: 5269 | B58: 7 | C58: 106 | D58: 19 | E58: 43637 | F58: 5232 | G58: 7941 | H58: 7423 | I58: 6 | J58: =+(((G58-F58)-(H58-F58))/(H58-F58))*100 | L58: =AVERAGE(J58:J59) | M58: =_xlfn.STDEV.S(J58,J59) | P58: =+(((H58-F58)/1000)*1000)/10 | Q58: =AVERAGE(P58:P59) | R58: FALSO | S58: FALSO | V58: Se descarta
A59: 5270 | B59: 8 | C59: 106 | D59: 19 | E59: 43637 | F59: 5221 | G59: 8003 | H59: 7422 | J59: =+(((G59-F59)-(H59-F59))/(H59-F59))*100 | P59: =+(((H59-F59)/1000)*1000)/10 | R59: FALSO | S59: FALSO | V59: Se descarta
A60: 5511 | B60: 3 | C60: 106 | D60: 20 | E60: 43649 | F60: 5258 | G60: 7030 | H60: 6705 | I60: 10 | J60: =+(((G60-F60)-(H60-F60))/(H60-F60))*100 | L60: =AVERAGE(J60:J61) | M60: =_xlfn.STDEV.S(J60,J61) | P60: =+(((H60-F60)/1000)*1000)/10 | Q60: =AVERAGE(P60:P61) | R60: FALSO | S60: FALSO | V60: Se descarta
A61: 5512 | B61: 4 | C61: 106 | D61: 20 | E61: 43649 | F61: 5259 | G61: 6983 | H61: 6663 | J61: =+(((G61-F61)-(H61-F61))/(H61-F61))*100 | P61: =+(((H61-F61)/1000)*1000)/10 | R61: FALSO | S61: FALSO | V61: Se descarta
A62: 5765 | B62: 6 | C62: 106 | D62: 22 | E62: 43685 | F62: 5259 | G62: 7506 | H62: 7206 | I62: 6 | J62: =+(((G62-F62)-(H62-F62))/(H62-F62))*100 | L62: =AVERAGE(J62:J63) | M62: =_xlfn.STDEV.S(J62,J63) | N62: =(L60-L62)/36 | O62: =(L54-L62)/86 | P62: =+(((H62-F62)/1000)*1000)/10 | Q62: =AVERAGE(P62:P63) | R62: FALSO | S62: VERDADERO | V62: Se descarta
A63: 5766 | B63: 6 | C63: 106 | D63: 22 | E63: 43685 | F63: 5259 | G63: 7438 | H63: 7136 | J63: =+(((G63-F63)-(H63-F63))/(H63-F63))*100 | P63: =+(((H63-F63)/1000)*1000)/10 | R63: FALSO | S63: FALSO | V63: Se descarta
A64: 3629 | B64: 51 | C64: 107 | D64: 14 | E64: 43591 | F64: 5234 | G64: 8441 | H64: 7183 | I64: 2 | J64: =+(((G64-F64)-(H64-F64))/(H64-F64))*100 | K64: 1/4 | L64: =AVERAGE(J64:J65) | M64: =_xlfn.STDEV.S(J64,J65) | N64: 3 | P64: =+(((H64-F64)/1000)*1000)/10 | Q64: =AVERAGE(P64:P65) | R64: FALSO | S64: FALSO | V64: Plot Válido
A65: 3630 | B65: 52 | C65: 107 | D65: 14 | E65: 43591 | F65: 5234 | G65: 8380 | H65: 7154 | J65: =+(((G65-F65)-(H65-F65))/(H65-F65))*100 | P65: =+(((H65-F65)/1000)*1000)/10 | R65: FALSO | S65: FALSO | V65: Plot Válido
A66: 4297 | B66: 3 | C66: 107 | D66: 16 | E66: 43607 | F66: 5258 | G66: 7982 | H66: 7272 | I66: 2 | J66: =+(((G66-F66)-(H66-F66))/(H66-F66))*100 | K66: MF | L66: =AVERAGE(J66:J67) | M66: =_xlfn.STDEV.S(J66,J67) | P66: =+(((H66-F66)/1000)*1000)/10 | Q66: =AVERAGE(P66:P67) | R66: VERDADERO | S66: FALSO | V66: Plot Válido
A67: 4298 | B67: 4 | C67: 107 | D67: 16 | E67: 43607 | F67: 5259 | G67: 8057 | H67: 7357 | J67: =+(((G67-F67)-(H67-F67))/(H67-F67))*100 | P67: =+(((H67-F67)/1000)*1000)/10 | R67: FALSO | S67: FALSO | V67: Plot Válido
A68: 4943 | B68: 3 | C68: 107 | D68: 18 | E68: 43626 | F68: 5258 | G68: 8008 | H68: 7379 | I68: 10 | J68: =+(((G68-F68)-(H68-F68))/(H68-F68))*100 | L68: =AVERAGE(J68:J69) | M68: =_xlfn.STDEV.S(J68,J69) | P68: =+(((H68-F68)/1000)*1000)/10 | Q68: =AVERAGE(P68:P69) | R68: FALSO | S68: FALSO | V68: Plot Válido
A69: 4944 | B69: 4 | C69: 107 | D69: 18 | E69: 43626 | F69: 5259 | G69: 8327 | H69: 7601 | J69: =+(((G69-F69)-(H69-F69))/(H69-F69))*100 | P69: =+(((H69-F69)/1000)*1000)/10 | R69: FALSO | S69: FALSO | V69: Plot Válido
A70: 5767 | B70: 7 | C70: 107 | D70: 22 | E70: 43685 | F70: 5232 | G70: 7382 | H70: 7075 | I70: 6 | J70: =+(((G70-F70)-(H70-F70))/(H70-F70))*100 | L70: =AVERAGE(J70:J71) | M70: =_xlfn.STDEV.S(J70,J71) | P70: =+(((H70-F70)/1000)*1000)/10 | Q70: =AVERAGE(P70:P71) | R70: FALSO | S70: FALSO | V70: Plot Válido
A71: 5768 | B71: 7 | C71: 107 | D71: 22 | E71: 43685 | F71: 5232 | G71: 7515 | H71: 7193 | J71: =+(((G71-F71)-(H71-F71))/(H71-F71))*100 | P71: =+(((H71-F71)/1000)*1000)/10 | R71: FALSO | S71: FALSO | V71: Plot Válido
A72: 3255 | B72: 11 | C72: 108 | D72: 13 | E72: 43587 | F72: 5213 | G72: 9335 | H72: 8213 | I72: 1 | J72: =+(((G72-F72)-(H72-F72))/(H72-F72))*100 | K72: 1/2 | L72: =AVERAGE(J72:J73) | M72: =_xlfn.STDEV.S(J72,J73) | N72: 1 | P72: =+(((H72-F72)/1000)*1000)/10 | Q72: =AVERAGE(P72:P73) | R72: VERDADERO | S72: FALSO | V72: Plot válido
A73: 3256 | B73: 12 | C73: 108 | D73: 13 | E73: 43587 | F73: 5232 | G73: 8372 | H73: 7464 | J73: =+(((G73-F73)-(H73-F73))/(H73-F73))*100 | P73: =+(((H73-F73)/1000)*1000)/10 | R73: FALSO | S73: FALSO | V73: Plot válido
A74: 3981 | B74: 11 | C74: 108 | D74: 15 | E74: 43599 | F74: 5213 | G74: 8163 | H74: 7487 | J74: =+(((G74-F74)-(H74-F74))/(H74-F74))*100 | K74: MF | L74: =AVERAGE(J74:J75) | M74: =_xlfn.STDEV.S(J74,J75) | O74: =(L74-L76)/19 | P74: =+(((H74-F74)/1000)*1000)/10 | Q74: =AVERAGE(P74:P75) | R74: FALSO | S74: FALSO | V74: Plot válido
A75: 3982 | B75: 12 | C75: 108 | D75: 15 | E75: 43599 | F75: 5232 | G75: 8180 | H75: 7478 | J75: =+(((G75-F75)-(H75-F75))/(H75-F75))*100 | P75: =+(((H75-F75)/1000)*1000)/10 | R75: FALSO | S75: FALSO | V75: Plot válido
A76: 4627 | B76: 11 | C76: 108 | D76: 17 | E76: 43619 | F76: 5213 | G76: 8092 | H76: 7581 | J76: =+(((G76-F76)-(H76-F76))/(H76-F76))*100 | L76: =AVERAGE(J76:J77) | M76: =_xlfn.STDEV.S(J76,J77) | P76: =+(((H76-F76)/1000)*1000)/10 | Q76: =AVERAGE(P76:P77) | R76: FALSO | S76: FALSO | V76: Plot válido
A77: 4628 | B77: 12 | C77: 108 | D77: 17 | E77: 43619 | F77: 5232 | G77: 8128 | H77: 7605 | J77: =+(((G77-F77)-(H77-F77))/(H77-F77))*100 | P77: =+(((H77-F77)/1000)*1000)/10 | R77: FALSO | S77: FALSO | V77: Plot válido
A78: 5271 | B78: 9 | C78: 108 | D78: 19 | E78: 43637 | F78: 5188 | G78: 8018 | H78: 7490 | I78: 7 | J78: =+(((G78-F78)-(H78-F78))/(H78-F78))*100 | L78: =AVERAGE(J78:J79) | M78: =_xlfn.STDEV.S(J78,J79) | P78: =+(((H78-F78)/1000)*1000)/10 | Q78: =AVERAGE(P78:P79) | R78: FALSO | S78: FALSO | V78: Plot válido
A79: 5272 | B79: 10 | C79: 108 | D79: 19 | E79: 43637 | F79: 5232 | G79: 7938 | H79: 7429 | J79: =+(((G79-F79)-(H79-F79))/(H79-F79))*100 | P79: =+(((H79-F79)/1000)*1000)/10 | R79: FALSO | S79: FALSO | V79: Plot válido
A80: 5555 | B80: 47 | C80: 108 | D80: 20 | E80: 43649 | F80: 5258 | G80: 8511 | H80: 7893 | I80: 8 | J80: =+(((G80-F80)-(H80-F80))/(H80-F80))*100 | L80: =AVERAGE(J80:J81) | M80: =_xlfn.STDEV.S(J80,J81) | P80: =+(((H80-F80)/1000)*1000)/10 | Q80: =AVERAGE(P80:P81) | R80: FALSO | S80: FALSO | V80: Plot válido
A81: 5556 | B81: 48 | C81: 108 | D81: 20 | E81: 43649 | F81: 5245 | G81: 8211 | H81: 7662 | J81: =+(((G81-F81)-(H81-F81))/(H81-F81))*100 | P81: =+(((H81-F81)/1000)*1000)/10 | R81: FALSO | S81: FALSO | V81: Plot válido
A82: 5769 | B82: 8 | C82: 108 | D82: 22 | E82: 43685 | F82: 5221 | G82: 7729 | H82: 7390 | I82: 8 | J82: =+(((G82-F82)-(H82-F82))/(H82-F82))*100 | L82: =AVERAGE(J82:J83) | M82: =_xlfn.STDEV.S(J82,J83) | N82: =(L80-L82)/36 | O82: =(L74-L82)/86 | P82: =+(((H82-F82)/1000)*1000)/10 | Q82: =AVERAGE(P82:P83) | R82: FALSO | S82: VERDADERO | V82: Plot válido
A83: 5770 | B83: 8 | C83: 108 | D83: 22 | E83: 43685 | F83: 5221 | G83: 7960 | H83: 7597 | J83: =+(((G83-F83)-(H83-F83))/(H83-F83))*100 | P83: =+(((H83-F83)/1000)*1000)/10 | R83: FALSO | S83: FALSO | V83: Plot válido
A84: 3631 | B84: 53 | C84: 109 | D84: 14 | E84: 43591 | F84: 5232 | G84: 8019 | H84: 7151 | I84: 2 | J84: =+(((G84-F84)-(H84-F84))/(H84-F84))*100 | K84: MF | L84: =AVERAGE(J84:J85) | M84: =_xlfn.STDEV.S(J84,J85) | N84: 3 | P84: =+(((H84-F84)/1000)*1000)/10 | Q84: =AVERAGE(P84:P85) | R84: FALSO | S84: FALSO | V84: Plot válido
A85: 3632 | B85: 54 | C85: 109 | D85: 14 | E85: 43591 | F85: 5271 | G85: 8471 | H85: 7442 | J85: =+(((G85-F85)-(H85-F85))/(H85-F85))*100 | P85: =+(((H85-F85)/1000)*1000)/10 | R85: FALSO | S85: FALSO | V85: Plot válido
A86: 4299 | B86: 5 | C86: 109 | D86: 16 | E86: 43607 | F86: 5236 | G86: 8174 | H86: 7414 | I86: 2 | J86: =+(((G86-F86)-(H86-F86))/(H86-F86))*100 | L86: =AVERAGE(J86:J87) | M86: =_xlfn.STDEV.S(J86,J87) | P86: =+(((H86-F86)/1000)*1000)/10 | Q86: =AVERAGE(P86:P87) | R86: VERDADERO | S86: FALSO | V86: Plot válido
A87: 4300 | B87: 6 | C87: 109 | D87: 16 | E87: 43607 | F87: 5259 | G87: 8176 | H87: 7417 | J87: =+(((G87-F87)-(H87-F87))/(H87-F87))*100 | P87: =+(((H87-F87)/1000)*1000)/10 | R87: FALSO | S87: FALSO | V87: Plot válido
A88: 4945 | B88: 5 | C88: 109 | D88: 18 | E88: 43626 | F88: 5236 | G88: 7916 | H88: 7345 | I88: 9 | J88: =+(((G88-F88)-(H88-F88))/(H88-F88))*100 | L88: =AVERAGE(J88:J89) | M88: =_xlfn.STDEV.S(J88,J89) | P88: =+(((H88-F88)/1000)*1000)/10 | Q88: =AVERAGE(P88:P89) | R88: FALSO | S88: FALSO | V88: Plot válido
A89: 4946 | B89: 6 | C89: 109 | D89: 18 | E89: 43626 | F89: 5259 | G89: 8105 | H89: 7504 | J89: =+(((G89-F89)-(H89-F89))/(H89-F89))*100 | P89: =+(((H89-F89)/1000)*1000)/10 | R89: FALSO | S89: FALSO | V89: Plot válido
A90: 5559 | B90: 3 | C90: 109 | D90: 21 | E90: 43657 | F90: 5258 | G90: 7938 | H90: 7455 | I90: 9 | J90: =+(((G90-F90)-(H90-F90))/(H90-F90))*100 | L90: =AVERAGE(J90:J91) | M90: =_xlfn.STDEV.S(J90,J91) | P90: =+(((H90-F90)/1000)*1000)/10 | Q90: =AVERAGE(P90:P91) | R90: FALSO | S90: FALSO | V90: Plot válido
A91: 5560 | B91: 4 | C91: 109 | D91: 21 | E91: 43657 | F91: 5259 | G91: 7718 | H91: 7271 | J91: =+(((G91-F91)-(H91-F91))/(H91-F91))*100 | P91: =+(((H91-F91)/1000)*1000)/10 | R91: FALSO | S91: FALSO | V91: Plot válido
A92: 5771 | B92: 9 | C92: 109 | D92: 22 | E92: 43685 | F92: 5188 | G92: 7540 | H92: 7209 | I92: 8 | J92: =+(((G92-F92)-(H92-F92))/(H92-F92))*100 | L92: =AVERAGE(J92:J93) | M92: =_xlfn.STDEV.S(J92,J93) | P92: =+(((H92-F92)/1000)*1000)/10 | Q92: =AVERAGE(P92:P93) | R92: FALSO | S92: FALSO | V92: Plot válido
A93: 5772 | B93: 9 | C93: 109 | D93: 22 | E93: 43685 | F93: 5188 | G93: 7398 | H93: 7087 | J93: =+(((G93-F93)-(H93-F93))/(H93-F93))*100 | P93: =+(((H93-F93)/1000)*1000)/10 | R93: FALSO | S93: FALSO | V93: Plot válido
A94: 3633 | B94: 55 | C94: 111 | D94: 14 | E94: 43591 | F94: 5269 | G94: 8092 | H94: 7415 | I94: 2 | J94: =+(((G94-F94)-(H94-F94))/(H94-F94))*100 | K94: MF | L94: =AVERAGE(J94:J95) | M94: =_xlfn.STDEV.S(J94,J95) | N94: 2 | P94: =+(((H94-F94)/1000)*1000)/10 | Q94: =AVERAGE(P94:P95) | R94: FALSO | S94: FALSO
A95: 3634 | B95: 56 | C95: 111 | D95: 14 | E95: 43591 | F95: 5254 | G95: 8214 | H95: 7508 | J95: =+(((G95-F95)-(H95-F95))/(H95-F95))*100 | P95: =+(((H95-F95)/1000)*1000)/10 | R95: FALSO | S95: FALSO | V95: Se descarta
A96: 4301 | B96: 7 | C96: 111 | D96: 16 | E96: 43607 | F96: 5232 | G96: 7659 | H96: 7204 | I96: 2 | J96: =+(((G96-F96)-(H96-F96))/(H96-F96))*100 | L96: =AVERAGE(J96:J97) | M96: =_xlfn.STDEV.S(J96,J97) | P96: =+(((H96-F96)/1000)*1000)/10 | Q96: =AVERAGE(P96:P97) | R96: FALSO | S96: FALSO | V96: Se descarta
A97: 4302 | B97: 8 | C97: 111 | D97: 16 | E97: 43607 | F97: 5221 | G97: 7662 | H97: 7196 | J97: =+(((G97-F97)-(H97-F97))/(H97-F97))*100 | P97: =+(((H97-F97)/1000)*1000)/10 | R97: FALSO | S97: FALSO | V97: Se descarta
A98: 4947 | B98: 7 | C98: 111 | D98: 18 | E98: 43626 | F98: 5232 | G98: 8216 | H98: 7726 | I98: 7 | J98: =+(((G98-F98)-(H98-F98))/(H98-F98))*100 | L98: =AVERAGE(J98:J99) | M98: =_xlfn.STDEV.S(J98,J99) | P98: =+(((H98-F98)/1000)*1000)/10 | Q98: =AVERAGE(P98:P99) | R98: FALSO | S98: FALSO | V98: Se descarta
A99: 4948 | B99: 8 | C99: 111 | D99: 18 | E99: 43626 | F99: 5221 | G99: 8172 | H99: 7684 | J99: =+(((G99-F99)-(H99-F99))/(H99-F99))*100 | P99: =+(((H99-F99)/1000)*1000)/10 | R99: FALSO | S99: FALSO | V99: Se descarta
A100: 5513 | B100: 5 | C100: 111 | D100: 20 | E100: 43649 | F100: 5236 | G100: 7395 | H100: 7015 | I100: 8 | J100: =+(((G100-F100)-(H100-F100))/(H100-F100))*100 | L100: =AVERAGE(J100:J101) | M100: =_xlfn.STDEV.S(J100,J101) | P100: =+(((H100-F100)/1000)*1000)/10 | Q100: =AVERAGE(P100:P101) | R100: FALSO | S100: FALSO | V100: Se descarta
...

Sheet ENS TARDIO 201819
A1: PLOT | B1: BLOC | C1: IBLK | D1: ENTRY | E1: ORIGEN | F1: PEDIGREE | G1: PTAS | H1: VT | I1: GDU_VT | J1: R1 | K1: GDU_R1 | L1: ASI | M1: GDU_ASI | N1: MF | O1: MC | P1: TSG | Q1: Tallo | R1: Roya | S1: MRCV | T1: TIZON | U1: BACT | V1: SG | W1: OBSERV | X1: Decisión
A2: 101 | B2: 1 | C2: 1 | D2: 60 | E2: 17.2804 | F2: [BSGA] 04.4060-1.1.1.1.1.#.# | H2: 43521 | I2: 1182.6 | J2: 43523 | K2: 1198.75 | L2: 16.15 | M2: ='ENS TARDIO 201819'!$K2-'ENS TARDIO 201819'!$I2 | N2: 43595 | O2: 43693 | P2: 0.193 | X2: Plot Válido
A3: 102 | B3: 1 | C3: 1 | D3: 85 | E3: 17.2860 | F3: [BS29 ] 04.696-1.1.1.1.1.# | H3: 43521 | I3: 1182.6 | J3: 43521 | K3: 1182.6 | L3: 0 | M3: ='ENS TARDIO 201819'!$K3-'ENS TARDIO 201819'!$I3 | N3: 43615 | O3: 43701 | P3: 0.275
A4: 103 | B4: 1 | C4: 1 | D4: 129 | E4: 17.2948//BEBA | F4: LP 611 | H4: 43523 | I4: 1198.75 | J4: 43525 | K4: 1226.25 | L4: 27.5 | M4: ='ENS TARDIO 201819'!$K4-'ENS TARDIO 201819'!$I4
A5: 104 | B5: 1 | C5: 1 | D5: 64 | E5: 17.2812 | F5: [BSGA] 04.4092-1.1.1.1.1.#.# | H5: 43522 | I5: 1188.8 | J5: 43523 | K5: 1198.75 | L5: 9.95 | M5: ='ENS TARDIO 201819'!$K5-'ENS TARDIO 201819'!$I5 | P5: 0.107
A6: 105 | B6: 1 | C6: 1 | D6: 95 | E6: 17.2880 | F6: [FESTIVAL] 04.785-1.1.1.1.1.# | H6: 43524 | I6: 1210.9 | J6: 43524 | K6: 1210.9 | L6: 0 | M6: ='ENS TARDIO 201819'!$K6-'ENS TARDIO 201819'!$I6 | N6: 43598 | O6: 43692 | P6: 0.264
A7: 106 | B7: 1 | C7: 1 | D7: 134 | E7: 17.2958 | F7: LP 153 | H7: 43520 | I7: 1173.8 | J7: 43519 | K7: 1161.75 | L7: -12.05 | M7: ='ENS TARDIO 201819'!$K7-'ENS TARDIO 201819'!$I7 | N7: 43589 | O7: 43700 | P7: 0.16
A8: 107 | B8: 1 | C8: 1 | D8: 16 | E8: 17.2586 | F8: bulk 04.1973-46-1@-1#1 | H8: 43527 | I8: 1249.9 | J8: 43527 | K8: 1249.9 | L8: 0 | M8: ='ENS TARDIO 201819'!$K8-'ENS TARDIO 201819'!$I8
A9: 108 | B9: 1 | C9: 1 | D9: 108 | E9: 17.2906 | F9: LP 212 | H9: 43523 | I9: 1198.75 | J9: 43522 | K9: 1188.8 | L9: -9.95 | M9: ='ENS TARDIO 201819'!$K9-'ENS TARDIO 201819'!$I9 | N9: 43589 | O9: 43689 | P9: 0.174
A10: 109 | B10: 1 | C10: 1 | D10: 145 | E10: 17.2978 | F10: LP 916 | H10: 43527 | I10: 1249.9 | J10: 43527 | K10: 1249.9 | L10: 0 | M10: ='ENS TARDIO 201819'!$K10-'ENS TARDIO 201819'!$I10
A11: 110 | B11: 1 | C11: 1 | D11: 57 | E11: 17.2798//15.253 | F11: LP581xLP562-1-50-1-1 | M11: ='ENS TARDIO 201819'!$K11-'ENS TARDIO 201819'!$I11
A12: 111 | B12: 1 | C12: 1 | D12: 123 | E12: 17.2936 | F12: LP 116 | H12: 43524 | I12: 1210.9 | J12: 43525 | K12: 1226.25 | L12: 15.35 | M12: ='ENS TARDIO 201819'!$K12-'ENS TARDIO 201819'!$I12
A13: 112 | B13: 1 | C13: 1 | D13: 29 | E13: 17.2614 | F13: 99.5905-1-1-1-1-1#1-1#1#1#1-1 | H13: 43517 | I13: 1128.65 | J13: 43517 | K13: 1128.65 | L13: 0 | M13: ='ENS TARDIO 201819'!$K13-'ENS TARDIO 201819'!$I13
A14: 113 | B14: 1 | C14: 2 | D14: 165 | E14: 17.3018 | F14: P21 | H14: 43521 | I14: 1182.6 | J14: 43524 | K14: 1210.9 | L14: 28.3 | M14: ='ENS TARDIO 201819'!$K14-'ENS TARDIO 201819'!$I14 | N14: 43513 | O14: 43692 | P14: 0.228
A15: 114 | B15: 1 | C15: 2 | D15: 150 | E15: 17.2988 | F15: LP 178 | H15: 43520 | I15: 1173.8 | J15: 43523 | K15: 1198.75 | L15: 24.95 | M15: ='ENS TARDIO 201819'!$K15-'ENS TARDIO 201819'!$I15
A16: 115 | B16: 1 | C16: 2 | D16: 139 | E16: 17.2966 | F16: LP 2 | H16: 43521 | I16: 1182.6 | J16: 43522 | K16: 1188.8 | L16: 6.2 | M16: ='ENS TARDIO 201819'!$K16-'ENS TARDIO 201819'!$I16
A17: 116 | B17: 1 | C17: 2 | D17: 147 | E17: 17.2982 | F17: LP 915 | H17: 43525 | I17: 1226.25 | J17: 43527 | K17: 1249.9 | L17: 23.65 | M17: ='ENS TARDIO 201819'!$K17-'ENS TARDIO 201819'!$I17
A18: 117 | B18: 1 | C18: 2 | D18: 24 | E18: 17.2604 | F18: bulk 04.1973-143-1-1-1#1#1 | H18: 43525 | I18: 1226.25 | J18: 43525 | K18: 1226.25 | L18: 0 | M18: ='ENS TARDIO 201819'!$K18-'ENS TARDIO 201819'!$I18
A19: 118 | B19: 1 | C19: 2 | D19: 4 | E19: 15.9//SYN7 | F19: BKBS13idprov901947-1-75 -1-1@-1#1 | H19: 43522 | I19: 1188.8 | J19: 43525 | K19: 1226.25 | L19: 37.45 | M19: ='ENS TARDIO 201819'!$K19-'ENS TARDIO 201819'!$I19
A20: 119 | B20: 1 | C20: 2 | D20: 6 | E20: 17.2566 | F20: BKBS13idprov901947-1-113 -1-1-1-1#1 | H20: 43526 | I20: 1238 | J20: 43528 | K20: 1262.15 | L20: 24.15 | M20: ='ENS TARDIO 201819'!$K20-'ENS TARDIO 201819'!$I20
A21: 120 | B21: 1 | C21: 2 | D21: 53 | E21: 17.2694 | F21: (7310x7266)-1-40 | H21: 43526 | I21: 1238 | J21: 43528 | K21: 1262.15 | L21: 24.15 | M21: ='ENS TARDIO 201819'!$K21-'ENS TARDIO 201819'!$I21
A22: 121 | B22: 1 | C22: 2 | D22: 50 | E22: 17.2668 | F22: (7310x7266)-1-15 | H22: 43522 | I22: 1188.8 | J22: 43522 | K22: 1188.8 | L22: 0 | M22: ='ENS TARDIO 201819'!$K22-'ENS TARDIO 201819'!$I22
A23: 122 | B23: 1 | C23: 2 | D23: 141 | E23: 17.2970 | F23: LPB2 | H23: 43526 | I23: 1238 | J23: 43527 | K23: 1249.9 | L23: 11.9 | M23: ='ENS TARDIO 201819'!$K23-'ENS TARDIO 201819'!$I23
A24: 123 | B24: 1 | C24: 2 | D24: 168 | E24: 17.1536 | F24: L2200 | H24: 43514 | I24: 1069.6 | J24: 43514 | K24: 1069.6 | L24: 0 | M24: ='ENS TARDIO 201819'!$K24-'ENS TARDIO 201819'!$I24
A25: 124 | B25: 1 | C25: 2 | D25: 96 | E25: 17.2882 | F25: [PIO3162] 04.629-1.1.1.1.1.# // LP03001 | H25: 43523 | I25: 1198.75 | J25: 43522 | K25: 1188.8 | L25: -9.95 | M25: ='ENS TARDIO 201819'!$K25-'ENS TARDIO 201819'!$I25
A26: 125 | B26: 1 | C26: 3 | D26: 47 | E26: 17.2654 | F26: (7310x7266)-1-1 | H26: 43525 | I26: 1226.25 | J26: 43525 | K26: 1226.25 | L26: 0 | M26: ='ENS TARDIO 201819'!$K26-'ENS TARDIO 201819'!$I26
... A56: 155 | B56: 1 | C56: 5 | D56: 86 | E56: 17.2862//15.331 | F56: [BS29 ] 04.701-1.1.1.1.1.# | H56: 43522 | I56: 1188.8 | J56: 43521 | K56: 1182.6 | L56: -6.2 | M56: ='ENS TARDIO 201819'!$K56-'ENS TARDIO 201819'!$I56
A57: 156 | B57: 1 | C57: 5 | D57: 35 | E57: 17.2630 | F57: (95.6277/6278)F2-bk25eS1-9-1-1-1-1-1##1#1-1 | M57: ='ENS TARDIO 201819'!$K57-'ENS TARDIO 201819'!$I57
A58: 157 | B58: 1 | C58: 5 | D58: 82 | E58: 13.2212//12.2977 | F58: [AX889] 04.719-1.1.1.1.1.# | H58: 43532 | I58: 1316.95 | J58: 43532 | K58: 1316.95 | L58: 0 | M58: ='ENS TARDIO 201819'!$K58-'ENS TARDIO 201819'!$I58
A59: 158 | B59: 1 | C59: 5 | D59: 125 | E59: 17.2940 | F59: LP 122 | H59: 43520 | I59: 1173.8 | J59: 43521 | K59: 1182.6 | L59: 8.8 | M59: ='ENS TARDIO 201819'!$K59-'ENS TARDIO 201819'!$I59
A60: 159 | B60: 1 | C60: 5 | D60: 164 | E60: 17.3016 | F60: P465 | H60: 43520 | I60: 1173.8 | J60: 43522 | K60: 1188.8 | L60: 15 | M60: ='ENS TARDIO 201819'!$K60-'ENS TARDIO 201819'!$I60
A61: 160 | B61: 1 | C61: 5 | D61: 69 | E61: 17.2822 | F61: [SynSDSP] 04.3990-1.1.1.1.1.1.# | H61: 43519 | I61: 1161.75 | J61: 43522 | K61: 1188.8 | L61: 27.05 | M61: ='ENS TARDIO 201819'!$K61-'ENS TARDIO 201819'!$I61
A62: 161 | B62: 1 | C62: 6 | D62: 9 | E62: 17.2572 | F62: BKBS13idprov901947-1-132 -1-1-1-1#1 | H62: 43520 | I62: 1173.8 | J62: 43522 | K62: 1188.8 | L62: 15 | M62: ='ENS TARDIO 201819'!$K62-'ENS TARDIO 201819'!$I62
A63: 162 | B63: 1 | C63: 6 | D63: 87 | E63: 17.2864 | F63: [CDP] 04.649-1.1.1.1.1.# | H63: 43519 | I63: 1161.75 | J63: 43523 | K63: 1198.75 | L63: 37 | M63: ='ENS TARDIO 201819'!$K63-'ENS TARDIO 201819'!$I63
A64: 163 | B64: 1 | C64: 6 | D64: 137 | E64: 17.2962 | F64: LP 256-R | H64: 43520 | I64: 1173.8 | J64: 43521 | K64: 1182.6 | L64: 8.8 | M64: ='ENS TARDIO 201819'!$K64-'ENS TARDIO 201819'!$I64
A65: 164 | B65: 1 | C65: 6 | D65: 65 | E65: 17.2814 | F65: [BSGA] 04.4114-1.1.1.1.1.#.# | H65: 43520 | I65: 1173.8 | J65: 43522 | K65: 1188.8 | L65: 15 | M65: ='ENS TARDIO 201819'!$K65-'ENS TARDIO 201819'!$I65
A66: 165 | B66: 1 | C66: 6 | D66: 2 | E66: 17.2558 | F66: BKBS13idprov901947-1-30 -1-1@-1#1 | H66: 43519 | I66: 1161.75 | J66: 43520 | K66: 1173.8 | L66: 12.05 | M66: ='ENS TARDIO 201819'!$K66-'ENS TARDIO 201819'!$I66
A67: 166 | B67: 1 | C67: 6 | D67: 68 | E67: 17.2820//NN15.667 | F67: [BSGA] 04.4165-1.1.1.1.1.#.# | H67: 43525 | I67: 1226.25 | J67: 43525 | K67: 1226.25 | L67: 0 | M67: ='ENS TARDIO 201819'!$K67-'ENS TARDIO 201819'!$I67
A68: 167 | B68: 1 | C68: 6 | D68: 114 | E68: 17.2918 | F68: LP 168 | H68: 43513 | I68: 1051.95 | J68: 43514 | K68: 1069.6 | L68: 17.65 | M68: ='ENS TARDIO 201819'!$K68-'ENS TARDIO 201819'!$I68
A69: 168 | B69: 1 | C69: 6 | D69: 49 | E69: 17.2662 | F69: (7310x7266)-1-11 | H69: 43522 | I69: 1188.8 | J69: 43527 | K69: 1249.9 | L69: 61.1 | M69: ='ENS TARDIO 201819'!$K69-'ENS TARDIO 201819'!$I69
... A108: 207 | B108: 1 | C108: 9 | D108: 166 | E108: 17.1518 | F108: LP453 | H108: 43516 | I108: 1108.9 | J108: 43517 | K108: 1128.65 | L108: 19.75 | M108: ='ENS TARDIO 201819'!$K108-'ENS TARDIO 201819'!$I108
A109: 208 | B109: 1 | C109: 9 | D109: 40 | E109: 172640 | F109: 94.1283-1-1#-1#1#1-3#1#1#1#1#1#1#1#1-1 | H109: 43530 | I109: 1290.7 | J109: 43530 | K109: 1290.7 | L109: 0 | M109: ='ENS TARDIO 201819'!$K109-'ENS TARDIO 201819'!$I109
A110: 209 | B110: 1 | C110: 10 | D110: 159 | E110: 17.3006 | F110: 4048 (Sint. Cuarentin x L 1571) | H110: 43523 | I110: 1198.75 | J110: 43525 | K110: 1226.25 | L110: 27.5 | M110: ='ENS TARDIO 201819'!$K110-'ENS TARDIO 201819'!$I110
A111: 210 | B111: 1 | C111: 10 | D111: 163 | E111: 17.3014 | F111: P1338 | H111: 43520 | I111: 1173.8 | J111: 43524 | K111: 1210.9 | L111: 37.1 | M111: ='ENS TARDIO 201819'!$K111-'ENS TARDIO 201819'!$I111
A112: 211 | B112: 1 | C112: 10 | D112: 126 | E112: 17.2942 | F112: LP 122-2 | H112: 43525 | I112: 1226.25 | J112: 43527 | K112: 1249.9 | L112: 23.65 | M112: ='ENS TARDIO 201819'!$K112-'ENS TARDIO 201819'!$I112
A113: 212 | B113: 1 | C113: 10 | D113: 99 | E113: 17.2888 | F113: LP 223 | H113: 43512 | I113: 1037.55 | J113: 43512 | K113: 1037.55 | L113: 0 | M113: ='ENS TARDIO 201819'!$K113-'ENS TARDIO 201819'!$I113
A114: 213 | B114: 1 | C114: 10 | D114: 151 | E114: 17.2990 | F114: LP 598 | H114: 43519 | I114: 1161.75 | J114: 43523 | K114: 1198.75 | L114: 37 | M114: ='ENS TARDIO 201819'!$K114-'ENS TARDIO 201819'!$I114
A115: 214 | B115: 1 | C115: 10 | D115: 61 | E115: 17.2806 | F115: [BSGA] 04.4062-1.1.1.1.1.#.# | H115: 43519 | I115: 1161.75 | J115: 43552 | K115: 1504.75 | L115: 343 | M115: ='ENS TARDIO 201819'!$K115-'ENS TARDIO 201819'!$I115
A116: 215 | B116: 1 | C116: 10 | D116: 39 | E116: 17.2638 | F116: 94.1234-1-1#-1#1-2#1#3#1#1#1#1#1#1-1 | H116: 43520 | I116: 1173.8 | J116: 43520 | K116: 1173.8 | L116: 0 | M116: ='ENS TARDIO 201819'!$K116-'ENS TARDIO 201819'!$I116
A117: 216 | B117: 1 | C117: 10 | D117: 84 | E117: 17.2858 | F117: [AX889] 04.731-1.1.1.1.1.# | H117: 43522 | I117: 1188.8 | J117: 43522 | K117: 1188.8 | L117: 0 | M117: ='ENS TARDIO 201819'!$K117-'ENS TARDIO 201819'!$I117
A118: 217 | B118: 1 | C118: 10 | D118: 104 | E118: 17.2898 | F118: LP 59 | H118: 43516 | I118: 1108.9 | J118: 43519 | K118: 1161.75 | L118: 52.85 | M118: ='ENS TARDIO 201819'!$K118-'ENS TARDIO 201819'!$I118
A119: 218 | B119: 1 | C119: 10 | D119: 152 | E119: 17.2992 | F119: LP 2542 | H119: 43519 | I119: 1161.75 | J119: 43519 | K119: 1161.75 | L119: 0 | M119: ='ENS TARDIO 201819'!$K119-'ENS TARDIO 201819'!$I119
A120: 219 | B120: 1 | C120: 10 | D120: 122 | E120: 17.2934//FONT21 | F120: LP 126 | H120: 43522 | I120: 1188.8 | J120: 43523 | K120: 1198.75 | L120: 9.95 | M120: ='ENS TARDIO 201819'!$K120-'ENS TARDIO 201819'!$I120
A121: 220 | B121: 1 | C121: 10 | D121: 133 | E121: 17.2956 | F121: LP 1032 | H121: 43520 | I121: 1173.8 | J121: 43521 | K121: 1182.6 | L121: 8.8 | M121: ='ENS TARDIO 201819'!$K121-'ENS TARDIO 201819'!$I121
... A163: 262 | B163: 1 | C163: 14 | D163: 46 | E163: 17.2652 | F163: 98.5568#1#1#1#1#1#1#1-1 | H163: 43527 | I163: 1249.9 | J163: 43525 | K163: 1226.25 | L163: -23.65 | M163: ='ENS TARDIO 201819'!$K163-'ENS TARDIO 201819'!$I163
A164: 263 | B164: 1 | C164: 14 | D164: 153 | E164: 17.2994 | F164: LP 32 | H164: 43518 | I164: 1149.2 | J164: 43519 | K164: 1161.75 | L164: 12.55 | M164: ='ENS TARDIO 201819'!$K164-'ENS TARDIO 201819'!$I164 | X164: Decisión_y
A165: 264 | B165: 1 | C165: 14 | D165: 59 | E165: 17.2802 | F165: LP581xLP562-1-195-1-1 | H165: 43522 | I165: 1188.8 | J165: 43522 | K165: 1188.8 | L165: 0 | M165: ='ENS TARDIO 201819'!$K165-'ENS TARDIO 201819'!$I165 | X165: Plot válido
A166: 265 | B166: 1 | C166: 14 | D166: 91 | E166: 17.2872 | F166: [DK638] 04.651-1.1.1.1.1.# | H166: 43520 | I166: 1173.8 | J166: 43520 | K166: 1173.8 | L166: 0 | M166: ='ENS TARDIO 201819'!$K166-'ENS TARDIO 201819'!$I166 | X166: Plot válido
A167: 266 | B167: 1 | C167: 14 | D167: 116 | E167: 17.2922 | F167: LP 438 | H167: 43518 | I167: 1149.2 | J167: 43517 | K167: 1128.65 | L167: -20.55 | M167: ='ENS TARDIO 201819'!$K167-'ENS TARDIO 201819'!$I167 | X167: Plot válido
A168: 267 | B168: 1 | C168: 14 | D168: 33 | E168: 17.2626 | F168: 00.5539-1-1-1#1@-1#1#1#1-1 | H168: 43519 | I168: 1161.75 | J168: 43519 | K168: 1161.75 | L168: 0 | M168: ='ENS TARDIO 201819'!$K168-'ENS TARDIO 201819'!$I168 | X168: Plot válido
A169: 268 | B169: 1 | C169: 14 | D169: 56 | E169: 17.2796 | F169: LP581xLP562-1-42-1-1 | H169: 43521 | I169: 1182.6 | J169: 43522 | K169: 1188.8 | L169: 6.2 | M169: ='ENS TARDIO 201819'!$K169-'ENS TARDIO 201819'!$I169 | X169: Plot válido
A170: 301 | B170: 2 | C170: 1 | D170: 3 | E170: 17.2560 | F170: BKBS13idprov901947-1-42 -1-1-1-1#1 | H170: 43520 | I170: 1173.8 | J170: 43522 | K170: 1188.8 | L170: 15 | M170: ='ENS TARDIO 201819'!$K170-'ENS TARDIO 201819'!$I170 | X170: Plot válido
A171: 302 | B171: 2 | C171: 1 | D171: 37 | E171: 17.2634 | F171: -4-1#1#1#1-1#1#1#1-1 | H171: 43527 | I171: 1249.9 | J171: 43527 | K171: 1249.9 | L171: 0 | M171: ='ENS TARDIO 201819'!$K171-'ENS TARDIO 201819'!$I171 | X171: Plot válido
A172: 303 | B172: 2 | C172: 1 | D172: 168 | E172: 17.1536 | F172: L2200 | H172: 43513 | I172: 1051.95 | J172: 43514 | K172: 1069.6 | L172: 17.65 | M172: ='ENS TARDIO 201819'!$K172-'ENS TARDIO 201819'!$I172 | X172: Plot válido
A173: 304 | B173: 2 | C173: 1 | D173: 93 | E173: 17.2876 | F173: [DK688] 04.799-1.1.1.1.1.# | H173: 43517 | I173: 1128.65 | J173: 43518 | K173: 1149.2 | L173: 20.55 | M173: ='ENS TARDIO 201819'!$K173-'ENS TARDIO 201819'!$I173 | X173: Plot válido
A174: 305 | B174: 2 | C174: 1 | D174: 67 | E174: 17.2818 | F174: [BSGA] 04.4149-1.1.1.1.1.#.# | H174: 43521 | I174: 1182.6 | J174: 43524 | K174: 1210.9 | L174: 28.3 | M174: ='ENS TARDIO 201819'!$K174-'ENS TARDIO 201819'!$I174 | X174: Plot válido
A175: 306 | B175: 2 | C175: 1 | D175: 59 | E175: 17.2802 | F175: LP581xLP562-1-195-1-1 | H175: 43522 | I175: 1188.8 | J175: 43523 | K175: 1198.75 | L175: 9.95 | M175: ='ENS TARDIO 201819'!$K175-'ENS TARDIO 201819'!$I175 | X175: Plot válido
... A201: 332 | B201: 2 | C201: 3 | D201: 135 | E201: 17.2960 | F201: LP 4703 | H201: 43519 | I201: 1161.75 | J201: 43520 | K201: 1173.8 | L201: 12.05 | M201: ='ENS TARDIO 201819'!$K201-'ENS TARDIO 201819'!$I201 | X201: Se descarta
A202: 333 | B202: 2 | C202: 3 | D202: 4 | E202: 15.9//SYN7 | F202: BKBS13idprov901947-1-75 -1-1@-1#1 | M202: ='ENS TARDIO 201819'!$K202-'ENS TARDIO 201819'!$I202 | X202: Se descarta
A203: 334 | B203: 2 | C203: 3 | D203: 138 | E203: 17.2964 | F203: LP 562 | H203: 43526 | I203: 1238 | J203: 43526 | K203: 1238 | L203: 0 | M203: ='ENS TARDIO 201819'!$K203-'ENS TARDIO 201819'!$I203 | X203: Se descarta
A204: 335 | B204: 2 | C204: 3 | D204: 12 | E204: 17.2578 | F204: BKBS13idprov901947-1-192 -1-1-1-1#1 | H204: 43518 | I204: 1149.2 | J204: 43518 | K204: 1149.2 | L204: 0 | M204: ='ENS TARDIO 201819'!$K204-'ENS TARDIO 201819'!$I204 | X204: Se descarta
A205: 336 | B205: 2 | C205: 3 | D205: 21 | E205: 17.2598 | F205: bulk 04.1973-112-1-1-1#1#1 | H205: 43525 | I205: 1226.25 | J205: 43525 | K205: 1226.25 | L205: 0 | M205: ='ENS TARDIO 201819'!$K205-'ENS TARDIO 201819'!$I205 | X205: Se descarta
A206: 337 | B206: 2 | C206: 4 | D206: 13 | E206: 17.2580 | F206: BKBS13idprov901947-1-216 -1-1-1-1#1 | H206: 43520 | I206: 1173.8 | J206: 43522 | K206: 1188.8 | L206: 15 | M206: ='ENS TARDIO 201819'!$K206-'ENS TARDIO 201819'!$I206 | X206: Se descarta
A207: 338 | B207: 2 | C207: 4 | D207: 94 | E207: 17.2878 | F207: [DK688] 04.803-1.1.1.1.1.# // LP02001 | H207: 43521 | I207: 1182.6 | J207: 43522 | K207: 1188.8 | L207: 6.2 | M207: ='ENS TARDIO 201819'!$K207-'ENS TARDIO 201819'!$I207 | X207: Plot válido
A208: 339 | B208: 2 | C208: 4 | D208: 76 | E208: 17.2838 | F208: [M 11] 04.866-1.1.1.1.1.# | H208: 43521 | I208: 1182.6 | J208: 43522 | K208: 1188.8 | L208: 6.2 | M208: ='ENS TARDIO 201819'!$K208-'ENS TARDIO 201819'!$I208 | X208: Plot válido
A209: 340 | B209: 2 | C209: 4 | D209: 57 | E209: 17.2798//15.253 | F209: LP581xLP562-1-50-1-1 | M209: ='ENS TARDIO 201819'!$K209-'ENS TARDIO 201819'!$I209 | X209: Plot válido
A210: 341 | B210: 2 | C210: 4 | D210: 46 | E210: 17.2652 | F210: 98.5568#1#1#1#1#1#1#1-1 | H210: 43527 | I210: 1249.9 | J210: 43525 | K210: 1226.25 | L210: -23.65 | M210: ='ENS TARDIO 201819'!$K210-'ENS TARDIO 201819'!$I210 | X210: Plot válido
A211: 342 | B211: 2 | C211: 4 | D211: 117 | E211: 17.2924 | F211: LP 3830 | H211: 43519 | I211: 1161.75 | J211: 43520 | K211: 1173.8 | L211: 12.05 | M211: ='ENS TARDIO 201819'!$K211-'ENS TARDIO 201819'!$I211 | X211: Plot válido
A212: 343 | B212: 2 | C212: 4 | D212: 22 | E212: 17.2600 | F212: bulk 04.1973-119-1-1-1#1#1 | H212: 43520 | I212: 1173.8 | J212: 43520 | K212: 1173.8 | L212: 0 | M212: ='ENS TARDIO 201819'!$K212-'ENS TARDIO 201819'!$I212 | X212: Plot válido
A213: 344 | B213: 2 | C213: 4 | D213: 110 | E213: 17.2910 | F213: LP 220 | H213: 43519 | I213: 1161.75 | J213: 43521 | K213: 1182.6 | L213: 20.85 | M213: ='ENS TARDIO 201819'!$K213-'ENS TARDIO 201819'!$I213 | X213: Plot válido
A214: 345 | B214: 2 | C214: 4 | D214: 30 | E214: 17.2616 | F214: LP2542-1 | H214: 43525 | I214: 1226.25 | J214: 43525 | K214: 1226.25 | L214: 0 | M214: ='ENS TARDIO 201819'!$K214-'ENS TARDIO 201819'!$I214 | X214: Plot válido
A215: 346 | B215: 2 | C215: 4 | D215: 127 | E215: 17.2944 | F215: LP 1411 | H215: 43525 | I215: 1226.25 | J215: 43526 | K215: 1238 | L215: 11.75 | M215: ='ENS TARDIO 201819'!$K215-'ENS TARDIO 201819'!$I215 | X215: Se descarta
A216: 347 | B216: 2 | C216: 4 | D216: 65 | E216: 17.2814 | F216: [BSGA] 04.4114-1.1.1.1.1.#.# | H216: 43519 | I216: 1161.75 | J216: 43521 | K216: 1182.6 | L216: 20.85 | M216: ='ENS TARDIO 201819'!$K216-'ENS TARDIO 201819'!$I216 | X216: Se descarta
A217: 348 | B217: 2 | C217: 4 | D217: 125 | E217: 17.2940 | F217: LP 122 | H217: 43520 | I217: 1173.8 | J217: 43520 | K217: 1173.8 | L217: 0 | M217: ='ENS TARDIO 201819'!$K217-'ENS TARDIO 201819'!$I217 | X217: Se descarta
A218: 349 | B218: 2 | C218: 5 | D218: 152 | E218: 17.2992 | F218: LP 2542 | H218: 43519 | I218: 1161.75 | J218: 43519 | K218: 1161.75 | L218: 0 | M218: ='ENS TARDIO 201819'!$K218-'ENS TARDIO 201819'!$I218 | X218: Se descarta
A219: 350 | B219: 2 | C219: 5 | D219: 7 | E219: 17.2568 | F219: BKBS13idprov901947-1-117 -1-1-1-1#1 | H219: 43519 | I219: 1161.75 | J219: 43519 | K219: 1161.75 | L219: 0 | M219: ='ENS TARDIO 201819'!$K219-'ENS TARDIO 201819'!$I219 | X219: Se descarta
A220: 351 | B220: 2 | C220: 5 | D220: 20 | E220: 17.2596 | F220: bulk 04.1973-88-1-1-1#1#1 | H220: 43521 | I220: 1182.6 | J220: 43520 | K220: 1173.8 | L220: -8.8 | M220: ='ENS TARDIO 201819'!$K220-'ENS TARDIO 201819'!$I220 | X220: Se descarta
A221: 352 | B221: 2 | C221: 5 | D221: 142 | E221: 17.2972 | F221: LP 179 | H221: 43527 | I221: 1249.9 | J221: 43526 | K221: 1238 | L221: -11.9 | M221: ='ENS TARDIO 201819'!$K221-'ENS TARDIO 201819'!$I221 | X221: Se descarta
... A226: 357 | B226: 2 | C226: 5 | D226: 80 | E226: 17.2848 | F226: [AX884] 04.762-1.1.1.1.1.# | H226: 43523 | I226: 1198.75 | J226: 43522 | K226: 1188.8 | L226: -9.95 | M226: ='ENS TARDIO 201819'!$K226-'ENS TARDIO 201819'!$I226 | X226: Se descarta
A227: 358 | B227: 2 | C227: 5 | D227: 35 | E227: 17.2630 | F227: (95.6277/6278)F2-bk25eS1-9-1-1-1-1-1##1#1-1 | M227: ='ENS TARDIO 201819'!$K227-'ENS TARDIO 201819'!$I227 | X227: Plot válido
A228: 359 | B228: 2 | C228: 5 | D228: 60 | E228: 17.2804 | F228: [BSGA] 04.4060-1.1.1.1.1.#.# | H228: 43520 | I228: 1173.8 | J228: 43521 | K228: 1182.6 | L228: 8.8 | M228: ='ENS TARDIO 201819'!$K228-'ENS TARDIO 201819'!$I228 | X228: Plot válido
A229: 360 | B229: 2 | C229: 5 | D229: 62 | E229: 17.2808 | F229: [BSGA] 04.4071-1.1.1.1.1.#.# | H229: 43525 | I229: 1226.25 | J229: 43527 | K229: 1249.9 | L229: 23.65 | M229: ='ENS TARDIO 201819'!$K229-'ENS TARDIO 201819'!$I229 | X229: Plot válido
A230: 361 | B230: 2 | C230: 6 | D230: 132 | E230: 17.2954//BEBA | F230: LP 605 | H230: 43530 | I230: 1290.7 | J230: 43530 | K230: 1290.7 | L230: 0 | M230: ='ENS TARDIO 201819'!$K230-'ENS TARDIO 201819'!$I230 | X230: Plot válido
A231: 362 | B231: 2 | C231: 6 | D231: 116 | E231: 17.2922 | F231: LP 438 | H231: 43520 | I231: 1173.8 | J231: 43521 | K231: 1182.6 | L231: 8.8 | M231: ='ENS TARDIO 201819'!$K231-'ENS TARDIO 201819'!$I231 | X231: Plot válido
A232: 363 | B232: 2 | C232: 6 | D232: 41 | E232: 17.2642 | F232: 94.1283-1-1#-1#2#1-1#1#1#1#1#1#1#1#4-1 | H232: 43517 | I232: 1128.65 | J232: 43518 | K232: 1149.2 | L232: 20.55 | M232: ='ENS TARDIO 201819'!$K232-'ENS TARDIO 201819'!$I232 | X232: Plot válido
A233: 364 | B233: 2 | C233: 6 | D233: 61 | E233: 17.2806 | F233: [BSGA] 04.4062-1.1.1.1.1.#.# | H233: 43519 | I233: 1161.75 | J233: 43520 | K233: 1173.8 | L233: 12.05 | M233: ='ENS TARDIO 201819'!$K233-'ENS TARDIO 201819'!$I233 | X233: Plot válido
A234: 365 | B234: 2 | C234: 6 | D234: 95 | E234: 17.2880 | F234: [FESTIVAL] 04.785-1.1.1.1.1.# | H234: 43526 | I234: 1238 | J234: 43527 | K234: 1249.9 | L234: 11.9 | M234: ='ENS TARDIO 201819'!$K234-'ENS TARDIO 201819'!$I234 | X234: Plot válido
A235: 366 | B235: 2 | C235: 6 | D235: 2 | E235: 17.2558 | F235: BKBS13idprov901947-1-30 -1-1@-1#1 | H235: 43519 | I235: 1161.75 | J235: 43519 | K235: 1161.75 | L235: 0 | M235: ='ENS TARDIO 201819'!$K235-'ENS TARDIO 201819'!$I235 | X235: Plot válido
A236: 367 | B236: 2 | C236: 6 | D236: 96 | E236: 17.2882 | F236: [PIO3162] 04.629-1.1.1.1.1.# // LP03001 | H236: 43525 | I236: 1226.25 | J236: 43525 | K236: 1226.25 | L236: 0 | M236: ='ENS TARDIO 201819'!$K236-'ENS TARDIO 201819'!$I236 | X236: Plot válido
A237: 368 | B237: 2 | C237: 6 | D237: 71 | E237: 17.2828 | F237: [SynSDSP] 04.4023-1.1.1.1.1.1.# | H237: 43519 | I237: 1161.75 | J237: 43519 | K237: 1161.75 | L237: 0 | M237: ='ENS TARDIO 201819'!$K237-'ENS TARDIO 201819'!$I237 | X237: Plot válido
...

Sheet DATOS HUM
A1: Nº Muestra | B1: Lata | C1: Plot | D1: Muestreo | E1: Fecha | F1: Peso Tara | G1: Peso Húmedo | H1: Peso Seco | I1: Chala | J1: HUM
A2: 1 | B2: 1 | C2: 102 | D2: 1 | E2: 43514 | F2: 5301 | G2: 7194 | H2: 6963 | I2: 12 | J2: =+(((G2-F2)-(H2-F2))/(H2-F2))*100
A3: 2 | B3: 2 | C3: 102 | D3: 1 | E3: 43514 | F3: 5190 | G3: 6963 | H3: 6746 | J3: =+(((G3-F3)-(H3-F3))/(H3-F3))*100
A4: 3 | B4: 3 | C4: 104 | D4: 1 | E4: 43514 | F4: 5258 | G4: 8211 | H4: 7784 | I4: 8 | J4: =+(((G4-F4)-(H4-F4))/(H4-F4))*100
A5: 4 | B5: 4 | C5: 104 | D5: 1 | E5: 43514 | F5: 5259 | G5: 8193 | H5: 7767 | J5: =+(((G5-F5)-(H5-F5))/(H5-F5))*100
A6: 5 | B6: 5 | C6: 107 | D6: 1 | E6: 43514 | F6: 5236 | G6: 7923 | H6: 7474 | I6: 10 | J6: =+(((G6-F6)-(H6-F6))/(H6-F6))*100
A7: 6 | B7: 6 | C7: 107 | D7: 1 | E7: 43514 | F7: 5259 | G7: 7658 | H7: 7288 | J7: =+(((G7-F7)-(H7-F7))/(H7-F7))*100
A8: 7 | B8: 7 | C8: 108 | D8: 1 | E8: 43514 | F8: 5232 | G8: 8351 | H8: 7792 | I8: 12 | J8: =+(((G8-F8)-(H8-F8))/(H8-F8))*100
A9: 8 | B9: 8 | C9: 108 | D9: 1 | E9: 43514 | F9: 5221 | G9: 8221 | H9: 7698 | J9: =+(((G9-F9)-(H9-F9))/(H9-F9))*100
A10: 9 | B10: 9 | C10: 109 | D10: 1 | E10: 43514 | F10: 5188 | G10: 6829 | H10: 6580 | I10: 9 | J10: =+(((G10-F10)-(H10-F10))/(H10-F10))*100
A11: 10 | B11: 10 | C11: 109 | D11: 1 | E11: 43514 | F11: 5232 | G11: 6711 | H11: 6516 | J11: =+(((G11-F11)-(H11-F11))/(H11-F11))*100
A12: 11 | B12: 11 | C12: 112 | D12: 1 | E12: 43514 | F12: 5213 | G12: 9019 | H12: 7675 | I12: 9 | J12: =+(((G12-F12)-(H12-F12))/(H12-F12))*100
A13: 12 | B13: 12 | C13: 112 | D13: 1 | E13: 43514 | F13: 5232 | G13: 9109 | H13: 7776 | J13: =+(((G13-F13)-(H13-F13))/(H13-F13))*100
A14: 13 | B14: 13 | C14: 115 | D14: 1 | E14: 43514 | F14: 5314 | G14: 8051 | H14: 7258 | I14: 10 | J14: =+(((G14-F14)-(H14-F14))/(H14-F14))*100
A15: 14 | B15: 14 | C15: 115 | D15: 1 | E15: 43514 | F15: 5249 | G15: 8111 | H15: 7324 | J15: =+(((G15-F15)-(H15-F15))/(H15-F15))*100
A16: 15 | B16: 15 | C16: 116 | D16: 1 | E16: 43514 | F16: 5231 | G16: 8339 | H16: 7545 | I16: 11 | J16: =+(((G16-F16)-(H16-F16))/(H16-F16))*100
A17: 16 | B17: 16 | C17: 116 | D17: 1 | E17: 43514 | F17: 5280 | G17: 8341 | H17: 7572 | J17: =+(((G17-F17)-(H17-F17))/(H17-F17))*100
A18: 17 | B18: 17 | C18: 120 | D18: 1 | E18: 43514 | F18: 5275 | G18: 8212 | H18: 7441 | I18: 10 | J18: =+(((G18-F18)-(H18-F18))/(H18-F18))*100
A19: 18 | B19: 18 | C19: 120 | D19: 1 | E19: 43514 | F19: 5205 | G19: 8221 | H19: 7438 | J19: =+(((G19-F19)-(H19-F19))/(H19-F19))*100
A20: 19 | B20: 19 | C20: 121 | D20: 1 | E20: 43514 | F20: 5229 | G20: 8913 | H20: 7799 | I20: 9 | J20: =+(((G20-F20)-(H20-F20))/(H20-F20))*100
A21: 20 | B21: 20 | C21: 121 | D21: 1 | E21: 43514 | F21: 5190 | G21: 8705 | H21: 7631 | J21: =+(((G21-F21)-(H21-F21))/(H21-F21))*100
A22: 21 | B22: 21 | C22: 123 | D22: 1 | E22: 43514 | F22: 5224 | G22: 8860 | H22: 7893 | I22: 10 | J22: =+(((G22-F22)-(H22-F22))/(H22-F22))*100
A23: 22 | B23: 22 | C23: 123 | D23: 1 | E23: 43514 | F23: 5276 | G23: 8907 | H23: 7929 | J23: =+(((G23-F23)-(H23-F23))/(H23-F23))*100
A24: 23 | B24: 23 | C24: 124 | D24: 1 | E24: 43514 | F24: 5261 | G24: 8267 | H24: 7387 | I24: 11 | J24: =+(((G24-F24)-(H24-F24))/(H24-F24))*100
A25: 24 | B25: 24 | C25: 124 | D25: 1 | E25: 43514 | F25: 5196 | G25: 8163 | H25: 7310 | J25: =+(((G25-F25)-(H25-F25))/(H25-F25))*100
A26: 25 | B26: 25 | C26: 125 | D26: 1 | E26: 43514 | F26: 5238 | G26: 8669 | H26: 7797 | I26: 8 | J26: =+(((G26-F26)-(H26-F26))/(H26-F26))*100
A27: 26 | B27: 26 | C27: 125 | D27: 1 | E27: 43514 | F27: 5207 | G27: 8424 | H27: 7611 | J27: =+(((G27-F27)-(H27-F27))/(H27-F27))*100
A28: 27 | B28: 27 | C28: 126 | D28: 1 | E28: 43514 | F28: 5236 | J28: =+(((G28-F28)-(H28-F28))/(H28-F28))*100
A29: 28 | B29: 28 | C29: 126 | D29: 1 | E29: 43514 | F29: 5216 | J29: =+(((G29-F29)-(H29-F29))/(H29-F29))*100
A30: 29 | B30: 29 | C30: 128 | D30: 1 | E30: 43514 | F30: 5292 | G30: 7352 | H30: 6817 | I30: 9 | J30: =+(((G30-F30)-(H30-F30))/(H30-F30))*100
A31: 30 | B31: 30 | C31: 128 | D31: 1 | E31: 43514 | F31: 5244 | G31: 7069 | H31: 6595 | J31: =+(((G31-F31)-(H31-F31))/(H31-F31))*100
A32: 31 | B32: 31 | C32: 129 | D32: 1 | E32: 43514 | F32: 5227 | G32: 6458 | H32: 6110 | I32: 9 | J32: =+(((G32-F32)-(H32-F32))/(H32-F32))*100
A33: 32 | B33: 32 | C33: 129 | D33: 1 | E33: 43514 | F33: 5214 | G33: 6595 | H33: 6081 | J33: =+(((G33-F33)-(H33-F33))/(H33-F33))*100
A34: 33 | B34: 33 | C34: 131 | D34: 1 | E34: 43514 | F34: 5203 | G34: 8159 | H34: 7298 | I34: 11 | J34: =+(((G34-F34)-(H34-F34))/(H34-F34))*100
A35: 34 | B35: 34 | C35: 131 | D35: 1 | E35: 43514 | F35: 5191 | G35: 7914 | H35: 7092 | J35: =+(((G35-F35)-(H35-F35))/(H35-F35))*100
A36: 35 | B36: 35 | C36: 133 | D36: 1 | E36: 43514 | F36: 5280 | G36: 8143 | H36: 7504 | I36: 9 | J36: =+(((G36-F36)-(H36-F36))/(H36-F36))*100
A37: 36 | B37: 36 | C37: 133 | D37: 1 | E37: 43514 | F37: 5219 | G37: 8231 | H37: 7542 | J37: =+(((G37-F37)-(H37-F37))/(H37-F37))*100
A38: 37 | B38: 37 | C38: 134 | D38: 1 | E38: 43514 | F38: 5225 | G38: 9388 | H38: 8214 | I38: 10 | J38: =+(((G38-F38)-(H38-F38))/(H38-F38))*100
A39: 38 | B39: 38 | C39: 134 | D39: 1 | E39: 43514 | F39: 5241 | G39: 9597 | H39: 8355 | J39: =+(((G39-F39)-(H39-F39))/(H39-F39))*100
A40: 39 | B40: 39 | C40: 139 | D40: 1 | E40: 43514 | F40: 5245 | G40: 7854 | H40: 7213 | I40: 10 | J40: =+(((G40-F40)-(H40-F40))/(H40-F40))*100
A41: 40 | B41: 40 | C41: 139 | D41: 1 | E41: 43514 | F41: 5216 | G41: 7831 | H41: 7193 | J41: =+(((G41-F41)-(H41-F41))/(H41-F41))*100
A42: 41 | B42: 41 | C42: 143 | D42: 1 | E42: 43514 | F42: 5264 | G42: 6847 | H42: 7734 | I42: 10 | J42: =+(((G42-F42)-(H42-F42))/(H42-F42))*100
A43: 42 | B43: 42 | C43: 143 | D43: 1 | E43: 43514 | F43: 5270 | G43: 8321 | H43: 7499 | J43: =+(((G43-F43)-(H43-F43))/(H43-F43))*100
A44: 43 | B44: 43 | C44: 144 | D44: 1 | E44: 43514 | F44: 5211 | G44: 9207 | H44: 7724 | I44: 10 | J44: =+(((G44-F44)-(H44-F44))/(H44-F44))*100
A45: 44 | B45: 44 | C45: 144 | D45: 1 | E45: 43514 | F45: 5218 | G45: 9750 | H45: 8029 | J45: =+(((G45-F45)-(H45-F45))/(H45-F45))*100
A46: 45 | B46: 45 | C46: 146 | D46: 1 | E46: 43514 | F46: 5211 | G46: 8120 | H46: 7234 | I46: 10 | J46: =+(((G46-F46)-(H46-F46))/(H46-F46))*100
A47: 46 | B47: 46 | C47: 146 | D47: 1 | E47: 43514 | F47: 5260 | G47: 7852 | H47: 7053 | J47: =+(((G47-F47)-(H47-F47))/(H47-F47))*100
A48: 47 | B48: 47 | C48: 147 | D48: 1 | E48: 43514 | F48: 5258 | J48: =+(((G48-F48)-(H48-F48))/(H48-F48))*100
A49: 48 | B49: 48 | C49: 147 | D49: 1 | E49: 43514 | F49: 5245 | J49: =+(((G49-F49)-(H49-F49))/(H49-F49))*100
A50: 49 | B50: 49 | C50: 148 | D50: 1 | E50: 43514 | F50: 5203 | G50: 7227 | H50: 6780 | I50: 9 | J50: =+(((G50-F50)-(H50-F50))/(H50-F50))*100
A51: 50 | B51: 50 | C51: 148 | D51: 1 | E51: 43514 | F51: 5251 | G51: 7175 | H51: 6790 | J51: =+(((G51-F51)-(H51-F51))/(H51-F51))*100
A52: 51 | B52: 51 | C52: 149 | D52: 1 | E52: 43514 | F52: 5234 | G52: 8080 | H52: 7311 | I52: 11 | J52: =+(((G52-F52)-(H52-F52))/(H52-F52))*100
A53: 52 | B53: 52 | C53: 149 | D53: 1 | E53: 43514 | F53: 5234 | G53: 7959 | H53: 7235 | J53: =+(((G53-F53)-(H53-F53))/(H53-F53))*100
A54: 53 | B54: 53 | C54: 150 | D54: 1 | E54: 43514 | F54: 5232 | G54: 8606 | H54: 7650 | I54: 10 | J54: =+(((G54-F54)-(H54-F54))/(H54-F54))*100
A55: 54 | B55: 54 | C55: 150 | D55: 1 | E55: 43514 | F55: 5271 | G55: 8528 | H55: 7615 | J55: =+(((G55-F55)-(H55-F55))/(H55-F55))*100
A56: 55 | B56: 55 | C56: 152 | D56: 1 | E56: 43514 | F56: 5269 | J56: =+(((G56-F56)-(H56-F56))/(H56-F56))*100
A57: 56 | B57: 56 | C57: 152 | D57: 1 | E57: 43514 | F57: 5254 | J57: =+(((G57-F57)-(H57-F57))/(H57-F57))*100
A58: 57 | B58: 57 | C58: 153 | D58: 1 | E58: 43514 | F58: 5257 | G58: 9077 | H58: 8036 | I58: 9 | J58: =+(((G58-F58)-(H58-F58))/(H58-F58))*100
A59: 58 | B59: 58 | C59: 153 | D59: 1 | E59: 43514 | F59: 5320 | G59: 9224 | H59: 8127 | J59: =+(((G59-F59)-(H59-F59))/(H59-F59))*100
A60: 59 | B60: 59 | C60: 156 | D60: 1 | E60: 43514 | F60: 5278 | G60: 8454 | H60: 8002 | I60: 10 | J60: =+(((G60-F60)-(H60-F60))/(H60-F60))*100
A61: 60 | B61: 60 | C61: 156 | D61: 1 | E61: 43514 | F61: 5220 | G61: 8614 | H61: 8126 | J61: =+(((G61-F61)-(H61-F61))/(H61-F61))*100
A62: 61 | B62: 61 | C62: 157 | D62: 1 | E62: 43514 | F62: 5212 | G62: 7863 | H62: 7221 | I62: 9 | J62: =+(((G62-F62)-(H62-F62))/(H62-F62))*100
A63: 62 | B63: 62 | C63: 157 | D63: 1 | E63: 43514 | F63: 5209 | G63: 7846 | H63: 7238 | J63: =+(((G63-F63)-(H63-F63))/(H63-F63))*100
A64: 63 | B64: 63 | C64: 159 | D64: 1 | E64: 43514 | F64: 5214 | G64: 7465 | H64: 6924 | I64: 12 | J64: =+(((G64-F64)-(H64-F64))/(H64-F64))*100
A65: 64 | B65: 64 | C65: 159 | D65: 1 | E65: 43514 | F65: 5232 | G65: 7532 | H65: 6996 | J65: =+(((G65-F65)-(H65-F65))/(H65-F65))*100
A66: 65 | B66: 65 | C66: 161 | D66: 1 | E66: 43514 | F66: 5215 | G66: 7692 | H66: 6856 | I66: 11 | J66: =+(((G66-F66)-(H66-F66))/(H66-F66))*100
A67: 66 | B67: 66 | C67: 161 | D67: 1 | E67: 43514 | F67: 5279 | G67: 7782 | H67: 6966 | J67: =+(((G67-F67)-(H67-F67))/(H67-F67))*100
A68: 67 | B68: 67 | C68: 162 | D68: 1 | E68: 43514 | F68: 5217 | G68: 8014 | H68: 7381 | I68: 10 | J68: =+(((G68-F68)-(H68-F68))/(H68-F68))*100
A69: 68 | B69: 68 | C69: 162 | D69: 1 | E69: 43514 | F69: 5288 | G69: 8034 | H69: 7471 | J69: =+(((G69-F69)-(H69-F69))/(H69-F69))*100
A70: 69 | B70: 69 | C70: 163 | D70: 1 | E70: 43514 | F70: 5248 | G70: 7752 | H70: 7258 | I70: 9 | J70: =+(((G70-F70)-(H70-F70))/(H70-F70))*100
A71: 70 | B71: 70 | C71: 163 | D71: 1 | E71: 43514 | F71: 5266 | G71: 7706 | H71: 7268 | J71: =+(((G71-F71)-(H71-F71))/(H71-F71))*100
A72: 71 | B72: 71 | C72: 164 | D72: 1 | E72: 43514 | F72: 5256 | G72: 7730 | H72: 7392 | I72: 9 | J72: =+(((G72-F72)-(H72-F72))/(H72-F72))*100
A73: 72 | B73: 72 | C73: 164 | D73: 1 | E73: 43514 | F73: 5223 | G73: 7809 | H73: 7450 | J73: =+(((G73-F73)-(H73-F73))/(H73-F73))*100
A74: 73 | B74: 73 | C74: 165 | D74: 1 | E74: 43514 | F74: 5203 | G74: 6643 | H74: 6415 | I74: 11 | J74: =+(((G74-F74)-(H74-F74))/(H74-F74))*100
A75: 74 | B75: 74 | C75: 165 | D75: 1 | E75: 43514 | F75: 5309 | G75: 6731 | H75: 6509 | J75: =+(((G75-F75)-(H75-F75))/(H75-F75))*100
A76: 75 | B76: 75 | C76: 167 | D76: 1 | E76: 43514 | F76: 5226 | G76: 8121 | H76: 7573 | I76: 9 | J76: =+(((G76-F76)-(H76-F76))/(H76-F76))*100
A77: 76 | B77: 76 | C77: 167 | D77: 1 | E77: 43514 | F77: 5239 | G77: 7992 | H77: 7516 | J77: =+(((G77-F77)-(H77-F77))/(H77-F77))*100
A78: 77 | B78: 77 | C78: 168 | D78: 1 | E78: 43514 | F78: 5212 | G78: 9888 | H78: 8430 | I78: 14 | J78: =+(((G78-F78)-(H78-F78))/(H78-F78))*100
A79: 78 | B79: 78 | C79: 168 | D79: 1 | E79: 43514 | F79: 5245 | G79: 10270 | H79: 8727 | J79: =+(((G79-F79)-(H79-F79))/(H79-F79))*100
A80: 79 | B80: 79 | C80: 170 | D80: 1 | E80: 43514 | F80: 5242 | G80: 8265 | H80: 7795 | I80: 8 | J80: =+(((G80-F80)-(H80-F80))/(H80-F80))*100
A81: 80 | B81: 80 | C81: 170 | D81: 1 | E81: 43514 | F81: 5245 | G81: 8325 | H81: 7820 | J81: =+(((G81-F81)-(H81-F81))/(H81-F81))*100
A82: 81 | B82: 81 | C82: 171 | D82: 1 | E82: 43514 | F82: 5180 | G82: 8458 | H82: 7631 | I82: 9 | J82: =+(((G82-F82)-(H82-F82))/(H82-F82))*100
A83: 82 | B83: 82 | C83: 171 | D83: 1 | E83: 43514 | F83: 5194 | G83: 8295 | H83: 7485 | J83: =+(((G83-F83)-(H83-F83))/(H83-F83))*100
A84: 83 | B84: 83 | C84: 172 | D84: 1 | E84: 43514 | F84: 5294 | G84: 9055 | H84: 7978 | I84: 10 | J84: =+(((G84-F84)-(H84-F84))/(H84-F84))*100
A85: 84 | B85: 84 | C85: 172 | D85: 1 | E85: 43514 | F85: 5375 | G85: 9237 | H85: 8103 | J85: =+(((G85-F85)-(H85-F85))/(H85-F85))*100
A86: 85 | B86: 85 | C86: 176 | D86: 1 | E86: 43514 | F86: 5253 | G86: 7903 | H86: 7233 | I86: 9 | J86: =+(((G86-F86)-(H86-F86))/(H86-F86))*100
A87: 86 | B87: 86 | C87: 176 | D87: 1 | E87: 43514 | F87: 5281 | G87: 8145 | H87: 7404 | J87: =+(((G87-F87)-(H87-F87))/(H87-F87))*100
A88: 87 | B88: 87 | C88: 178 | D88: 1 | E88: 43514 | F88: 5250 | G88: 9385 | H88: 8193 | I88: 8 | J88: =+(((G88-F88)-(H88-F88))/(H88-F88))*100
A89: 88 | B89: 88 | C89: 178 | D89: 1 | E89: 43514 | F89: 5241 | G89: 9803 | H89: 8471 | J89: =+(((G89-F89)-(H89-F89))/(H89-F89))*100
A90: 89 | B90: 89 | C90: 182 | D90: 1 | E90: 43514 | F90: 5188 | G90: 8594 | H90: 7659 | I90: 9 | J90: =+(((G90-F90)-(H90-F90))/(H90-F90))*100
A91: 90 | B91: 90 | C91: 182 | D91: 1 | E91: 43514 | F91: 5202 | G91: 8886 | H91: 7875 | J91: =+(((G91-F91)-(H91-F91))/(H91-F91))*100
A92: 91 | B92: 91 | C92: 185 | D92: 1 | E92: 43514 | F92: 5252 | G92: 8940 | H92: 8269 | J92: =+(((G92-F92)-(H92-F92))/(H92-F92))*100
A93: 92 | B93: 92 | C93: 185 | D93: 1 | E93: 43514 | F93: 5241 | G93: 8900 | H93: 8256 | I93: 9 | J93: =+(((G93-F93)-(H93-F93))/(H93-F93))*100
A94: 93 | B94: 93 | C94: 186 | D94: 1 | E94: 43514 | F94: 5234 | G94: 7972 | H94: 7210 | J94: =+(((G94-F94)-(H94-F94))/(H94-F94))*100
A95: 94 | B95: 94 | C95: 186 | D95: 1 | E95: 43514 | F95: 5218 | G95: 8112 | H95: 7322 | I95: 8 | J95: =+(((G95-F95)-(H95-F95))/(H95-F95))*100
A96: 95 | B96: 95 | C96: 187 | D96: 1 | E96: 43514 | F96: 5232 | G96: 9486 | H96: 8123 | I96: 12 | J96: =+(((G96-F96)-(H96-F96))/(H96-F96))*100
A97: 96 | B97: 96 | C97: 187 | D97: 1 | E97: 43514 | F97: 5242 | G97: 9347 | H97: 8085 | J97: =+(((G97-F97)-(H97-F97))/(H97-F97))*100
A98: 97 | B98: 97 | C98: 189 | D98: 1 | E98: 43514 | F98: 5287 | G98: 8917 | H98: 8182 | I98: 7 | J98: =+(((G98-F98)-(H98-F98))/(H98-F98))*100
A99: 98 | B99: 98 | C99: 189 | D99: 1 | E99: 43514 | F99: 5252 | G99: 8855 | H99: 8138 | J99: =+(((G99-F99)-(H99-F99))/(H99-F99))*100
A100: 99 | B100: 99 | C100: 192 | D100: 1 | E100: 43514 | F100: 5182 | G100: 7627 | H100: 6913 | I100: 9 | J100: =+(((G100-F100)-(H100-F100))/(H100-F100))*100
...

Sheet HUM TARD¿¿
A1: Nº Muestra | B1: Lata | C1: Plot | D1: dumi | E1: Columna1 | F1: Columna2 | G1: Muestreo | H1: Fecha | I1: Peso Tara | J1: Peso Húmedo | K1: Peso Seco | L1: Chala | M1: HUM | N1: MF | O1: HM X | P1: DE | Q1: Columna3 | R1: TSG | S1: Peso Seco Mil | T1: P_S_Mil
A2: 3245 | B2: 1 | C2: T101 | D2: 1 | G2: 13 | H2: 43587 | I2: 5301 | J2: 8480 | K2: 7635 | L2: 1 | M2: =+(((J2-I2)-(K2-I2))/(K2-I2))*100 | N2: 1/4 | O2: =AVERAGE(M2:M3) | P2: =_xlfn.STDEV.S(M2,M3) | Q2: 1 | S2: =+(((K2-I2)/1000)*1000)/10 | T2: =AVERAGE(S2:S3)
A3: 3246 | B3: 2 | C3: T101 | D3: 2 | G3: 13 | H3: 43587 | I3: 5190 | J3: 8093 | K3: 7277 | M3: =+(((J3-I3)-(K3-I3))/(K3-I3))*100 | S3: =+(((K3-I3)/1000)*1000)/10
A4: 3971 | B4: 1 | C4: T101 | D4: 3 | G4: 15 | H4: 43599 | I4: 5301 | J4: 9609 | K4: 8132 | M4: =+(((J4-I4)-(K4-I4))/(K4-I4))*100 | N4: 10/5 | O4: =AVERAGE(M4:M5) | P4: =_xlfn.STDEV.S(M4,M5) | S4: =+(((K4-I4)/1000)*1000)/10 | T4: =AVERAGE(S4:S5)
A5: 3972 | B5: 2 | C5: T101 | D5: 4 | G5: 15 | H5: 43599 | I5: 5190 | J5: 8993 | K5: 7675 | M5: =+(((J5-I5)-(K5-I5))/(K5-I5))*100 | S5: =+(((K5-I5)/1000)*1000)/10
A6: 4617 | B6: 1 | C6: T101 | D6: 5 | G6: 17 | H6: 43619 | I6: 5301 | J6: 6901 | K6: 6651 | M6: =+(((J6-I6)-(K6-I6))/(K6-I6))*100 | O6: =AVERAGE(M6:M7) | P6: =_xlfn.STDEV.S(M6,M7) | S6: =+(((K6-I6)/1000)*1000)/10 | T6: =AVERAGE(S6:S7)
A7: 4618 | B7: 2 | C7: T101 | D7: 6 | G7: 17 | H7: 43619 | I7: 5190 | J7: 6731 | K7: 6495 | M7: =+(((J7-I7)-(K7-I7))/(K7-I7))*100 | S7: =+(((K7-I7)/1000)*1000)/10
A8: 5263 | B8: 1 | C8: T101 | D8: 7 | G8: 19 | H8: 43637 | I8: 5301 | J8: 8381 | K8: 7759 | L8: 9/10 | M8: =+(((J8-I8)-(K8-I8))/(K8-I8))*100 | O8: =AVERAGE(M8:M9) | P8: =_xlfn.STDEV.S(M8,M9) | S8: =+(((K8-I8)/1000)*1000)/10 | T8: =AVERAGE(S8:S9)
A9: 5264 | B9: 2 | C9: T101 | D9: 8 | G9: 19 | H9: 43637 | I9: 5190 | J9: 8166 | K9: 7567 | M9: =+(((J9-I9)-(K9-I9))/(K9-I9))*100 | S9: =+(((K9-I9)/1000)*1000)/10
A10: 5509 | B10: 1 | C10: T101 | D10: 9 | G10: 20 | H10: 43649 | I10: 5301 | J10: 8263 | K10: 7715 | L10: 9 | M10: =+(((J10-I10)-(K10-I10))/(K10-I10))*100 | O10: =AVERAGE(M10:M11) | P10: =_xlfn.STDEV.S(M10,M11) | S10: =+(((K10-I10)/1000)*1000)/10 | T10: =AVERAGE(S10:S11)
A11: 5510 | B11: 2 | C11: T101 | D11: 10 | G11: 20 | H11: 43649 | I11: 5190 | J11: 8070 | K11: 7542 | M11: =+(((J11-I11)-(K11-I11))/(K11-I11))*100 | S11: =+(((K11-I11)/1000)*1000)/10
A12: 5755 | B12: 1 | C12: T101 | D12: 11 | G12: 22 | H12: 43685 | I12: 5301 | J12: 7766 | K12: 7421 | L12: 6 | M12: =+(((J12-I12)-(K12-I12))/(K12-I12))*100 | O12: =AVERAGE(M12:M13) | P12: =_xlfn.STDEV.S(M12,M13) | Q12: =(O10-O12)/36 | R12: =(O8-O12)/48 | S12: =+(((K12-I12)/1000)*1000)/10 | T12: =AVERAGE(S12:S13)
A13: 5756 | B13: 1 | C13: T101 | D13: 12 | G13: 22 | H13: 43685 | I13: 5301 | J13: 7801 | K13: 7462 | M13: =+(((J13-I13)-(K13-I13))/(K13-I13))*100 | S13: =+(((K13-I13)/1000)*1000)/10
A14: 3247 | B14: 3 | C14: T102 | D14: 1 | G14: 13 | H14: 43587 | I14: 5258 | J14: 9293 | K14: 7999 | L14: 1 | M14: =+(((J14-I14)-(K14-I14))/(K14-I14))*100 | N14: 1/2 | O14: =AVERAGE(M14:M15) | P14: =_xlfn.STDEV.S(M14,M15) | Q14: 1 | S14: =+(((K14-I14)/1000)*1000)/10 | T14: =AVERAGE(S14:S15)
A15: 3248 | B15: 4 | C15: T102 | D15: 2 | G15: 13 | H15: 43587 | I15: 5259 | J15: 9138 | K15: 7924 | M15: =+(((J15-I15)-(K15-I15))/(K15-I15))*100 | S15: =+(((K15-I15)/1000)*1000)/10
A16: 3973 | B16: 3 | C16: T102 | D16: 3 | G16: 15 | H16: 43599 | I16: 5258 | J16: 8236 | K16: 7373 | M16: =+(((J16-I16)-(K16-I16))/(K16-I16))*100 | N16: MF* | O16: =AVERAGE(M16:M17) | P16: =_xlfn.STDEV.S(M16,M17) | S16: =+(((K16-I16)/1000)*1000)/10 | T16: =AVERAGE(S16:S17)
A17: 3974 | B17: 4 | C17: T102 | D17: 4 | G17: 15 | H17: 43599 | I17: 5259 | J17: 8423 | K17: 7537 | M17: =+(((J17-I17)-(K17-I17))/(K17-I17))*100 | S17: =+(((K17-I17)/1000)*1000)/10
A18: 4619 | B18: 3 | C18: T102 | D18: 5 | G18: 17 | H18: 43619 | I18: 5258 | J18: 7811 | K18: 7349 | M18: =+(((J18-I18)-(K18-I18))/(K18-I18))*100 | O18: =AVERAGE(M18:M19) | P18: =_xlfn.STDEV.S(M18,M19) | S18: =+(((K18-I18)/1000)*1000)/10 | T18: =AVERAGE(S18:S19)
A19: 4620 | B19: 4 | C19: T102 | D19: 6 | G19: 17 | H19: 43619 | I19: 5259 | J19: 7715 | K19: 7282 | M19: =+(((J19-I19)-(K19-I19))/(K19-I19))*100 | S19: =+(((K19-I19)/1000)*1000)/10
A20: 5265 | B20: 3 | C20: T102 | D20: 7 | G20: 19 | H20: 43637 | I20: 5258 | J20: 9414 | K20: 8355 | L20: 6 | M20: =+(((J20-I20)-(K20-I20))/(K20-I20))*100 | O20: =AVERAGE(M20:M21) | P20: =_xlfn.STDEV.S(M20,M21) | S20: =+(((K20-I20)/1000)*1000)/10 | T20: =AVERAGE(S20:S21)
A21: 5266 | B21: 4 | C21: T102 | D21: 8 | G21: 19 | H21: 43637 | I21: 5259 | J21: 9455 | K21: 8361 | M21: =+(((J21-I21)-(K21-I21))/(K21-I21))*100 | S21: =+(((K21-I21)/1000)*1000)/10
A22: 5757 | B22: 2 | C22: T102 | D22: 9 | G22: 22 | H22: 43685 | I22: 5190 | J22: 7725 | K22: 7370 | L22: 6 | M22: =+(((J22-I22)-(K22-I22))/(K22-I22))*100 | O22: =AVERAGE(M22:M23) | P22: =_xlfn.STDEV.S(M22,M23) | Q22: =(O18-O22)/66 | R22: =(O16-O22)/86 | S22: =+(((K22-I22)/1000)*1000)/10 | T22: =AVERAGE(S22:S23)
A23: 5758 | B23: 2 | C23: T102 | D23: 10 | G23: 22 | H23: 43685 | I23: 5190 | J23: 7597 | K23: 7266 | M23: =+(((J23-I23)-(K23-I23))/(K23-I23))*100 | S23: =+(((K23-I23)/1000)*1000)/10
A24: 3627 | B24: 49 | C24: T103 | D24: 1 | G24: 14 | H24: 43591 | I24: 5203 | J24: 7980 | K24: 7170 | L24: 2 | M24: =+(((J24-I24)-(K24-I24))/(K24-I24))*100 | N24: MF | O24: =AVERAGE(M24:M25) | P24: =_xlfn.STDEV.S(M24,M25) | Q24: 2 | S24: =+(((K24-I24)/1000)*1000)/10 | T24: =AVERAGE(S24:S25)
A25: 3628 | B25: 50 | C25: T103 | D25: 2 | G25: 14 | H25: 43591 | I25: 5251 | J25: 7996 | K25: 7177 | M25: =+(((J25-I25)-(K25-I25))/(K25-I25))*100 | S25: =+(((K25-I25)/1000)*1000)/10
A26: 4295 | B26: 1 | C26: T103 | D26: 3 | G26: 16 | H26: 43607 | I26: 5301 | J26: 7689 | K26: 7126 | L26: 2 | M26: =+(((J26-I26)-(K26-I26))/(K26-I26))*100 | O26: =AVERAGE(M26:M27) | P26: =_xlfn.STDEV.S(M26,M27) | S26: =+(((K26-I26)/1000)*1000)/10 | T26: =AVERAGE(S26:S27)
A27: 4296 | B27: 2 | C27: T103 | D27: 4 | G27: 16 | H27: 43607 | I27: 5190 | J27: 7602 | K27: 7029 | M27: =+(((J27-I27)-(K27-I27))/(K27-I27))*100 | S27: =+(((K27-I27)/1000)*1000)/10
A28: 4941 | B28: 1 | C28: T103 | D28: 5 | G28: 18 | H28: 43626 | I28: 5301 | J28: 7918 | K28: 7461 | L28: 13 | M28: =+(((J28-I28)-(K28-I28))/(K28-I28))*100 | O28: =AVERAGE(M28:M29) | P28: =_xlfn.STDEV.S(M28,M29) | S28: =+(((K28-I28)/1000)*1000)/10 | T28: =AVERAGE(S28:S29)
A29: 4942 | B29: 2 | C29: T103 | D29: 6 | G29: 18 | H29: 43626 | I29: 5190 | J29: 7592 | K29: 7159 | M29: =+(((J29-I29)-(K29-I29))/(K29-I29))*100 | S29: =+(((K29-I29)/1000)*1000)/10
A30: 5557 | B30: 1 | C30: T103 | D30: 7 | G30: 21 | H30: 43657 | I30: 5301 | J30: 7923 | K30: 7497 | L30: 13 | M30: =+(((J30-I30)-(K30-I30))/(K30-I30))*100 | O30: =AVERAGE(M30:M31) | P30: =_xlfn.STDEV.S(M30,M31) | S30: =+(((K30-I30)/1000)*1000)/10 | T30: =AVERAGE(S30:S31)
A31: 5558 | B31: 2 | C31: T103 | D31: 8 | G31: 21 | H31: 43657 | I31: 5190 | J31: 7912 | K31: 7456 | M31: =+(((J31-I31)-(K31-I31))/(K31-I31))*100 | S31: =+(((K31-I31)/1000)*1000)/10
A32: 5759 | B32: 3 | C32: T103 | D32: 9 | G32: 22 | H32: 43685 | I32: 5258 | J32: 7291 | K32: 7007 | L32: 13 | M32: =+(((J32-I32)-(K32-I32))/(K32-I32))*100 | O32: =AVERAGE(M32:M33) | P32: =_xlfn.STDEV.S(M32,M33) | S32: =+(((K32-I32)/1000)*1000)/10 | T32: =AVERAGE(S32:S33)
A33: 5760 | B33: 3 | C33: T103 | D33: 10 | G33: 22 | H33: 43685 | I33: 5258 | J33: 7368 | K33: 7077 | M33: =+(((J33-I33)-(K33-I33))/(K33-I33))*100 | S33: =+(((K33-I33)/1000)*1000)/10
A34: 3249 | B34: 5 | C34: T104 | D34: 1 | G34: 13 | H34: 43587 | I34: 5236 | J34: 7239 | K34: 6821 | L34: 1 | M34: =+(((J34-I34)-(K34-I34))/(K34-I34))*100 | N34: MF | O34: =AVERAGE(M34:M35) | P34: =_xlfn.STDEV.S(M34,M35) | Q34: 1 | S34: =+(((K34-I34)/1000)*1000)/10 | T34: =AVERAGE(S34:S35)
A35: 3250 | B35: 6 | C35: T104 | D35: 2 | G35: 13 | H35: 43587 | I35: 5259 | J35: 7188 | K35: 6786 | M35: =+(((J35-I35)-(K35-I35))/(K35-I35))*100 | S35: =+(((K35-I35)/1000)*1000)/10
A36: 3975 | B36: 5 | C36: T104 | D36: 3 | G36: 15 | H36: 43599 | I36: 5236 | J36: 7120 | K36: 6744 | M36: =+(((J36-I36)-(K36-I36))/(K36-I36))*100 | O36: =AVERAGE(M36:M37) | P36: =_xlfn.STDEV.S(M36,M37) | S36: =+(((K36-I36)/1000)*1000)/10 | T36: =AVERAGE(S36:S37)
A37: 3976 | B37: 6 | C37: T104 | D37: 4 | G37: 15 | H37: 43599 | I37: 5259 | J37: 7153 | K37: 6787 | M37: =+(((J37-I37)-(K37-I37))/(K37-I37))*100 | S37: =+(((K37-I37)/1000)*1000)/10
A38: 4621 | B38: 5 | C38: T104 | D38: 5 | G38: 17 | H38: 43619 | I38: 5236 | J38: 7185 | K38: 6842 | M38: =+(((J38-I38)-(K38-I38))/(K38-I38))*100 | O38: =AVERAGE(M38:M39) | P38: =_xlfn.STDEV.S(M38,M39) | S38: =+(((K38-I38)/1000)*1000)/10 | T38: =AVERAGE(S38:S39)
A39: 4622 | B39: 6 | C39: T104 | D39: 6 | G39: 17 | H39: 43619 | I39: 5259 | J39: 7206 | K39: 6864 | M39: =+(((J39-I39)-(K39-I39))/(K39-I39))*100 | S39: =+(((K39-I39)/1000)*1000)/10
A40: 5267 | B40: 5 | C40: T104 | D40: 7 | G40: 19 | H40: 43637 | I40: 5236 | J40: 7128 | K40: 6764 | L40: 10 | M40: =+(((J40-I40)-(K40-I40))/(K40-I40))*100 | O40: =AVERAGE(M40:M41) | P40: =_xlfn.STDEV.S(M40,M41) | S40: =+(((K40-I40)/1000)*1000)/10 | T40: =AVERAGE(S40:S41)
A41: 5268 | B41: 6 | C41: T104 | D41: 8 | G41: 19 | H41: 43637 | I41: 5259 | J41: 7210 | K41: 6838 | M41: =+(((J41-I41)-(K41-I41))/(K41-I41))*100 | S41: =+(((K41-I41)/1000)*1000)/10
A42: 5761 | B42: 4 | C42: T104 | D42: 9 | G42: 22 | H42: 43685 | I42: 5259 | J42: 7232 | K42: 6967 | L42: 10 | M42: =+(((J42-I42)-(K42-I42))/(K42-I42))*100 | O42: =AVERAGE(M42:M43) | P42: =_xlfn.STDEV.S(M42,M43) | Q42: =(O40-O42)/48 | R42: =(O34-O42)/98 | S42: =+(((K42-I42)/1000)*1000)/10 | T42: =AVERAGE(S42:S43)
A43: 5762 | B43: 4 | C43: T104 | D43: 10 | G43: 22 | H43: 43685 | I43: 5259 | J43: 7236 | K43: 6961 | M43: =+(((J43-I43)-(K43-I43))/(K43-I43))*100 | S43: =+(((K43-I43)/1000)*1000)/10
A44: 3251 | B44: 7 | C44: T105 | D44: 1 | G44: 13 | H44: 43587 | I44: 5232 | J44: 8204 | K44: 7323 | L44: 1 | M44: =+(((J44-I44)-(K44-I44))/(K44-I44))*100 | N44: 1/2 | O44: =AVERAGE(M44:M45) | P44: =_xlfn.STDEV.S(M44,M45) | Q44: 2 | S44: =+(((K44-I44)/1000)*1000)/10 | T44: =AVERAGE(S44:S45)
A45: 3252 | B45: 8 | C45: T105 | D45: 2 | G45: 13 | H45: 43587 | I45: 5221 | J45: 8235 | K45: 7336 | M45: =+(((J45-I45)-(K45-I45))/(K45-I45))*100 | S45: =+(((K45-I45)/1000)*1000)/10
A46: 3977 | B46: 7 | C46: T105 | D46: 3 | G46: 15 | H46: 43599 | I46: 5232 | J46: 8303 | K46: 7363 | M46: =+(((J46-I46)-(K46-I46))/(K46-I46))*100 | N46: 13/5 | O46: =AVERAGE(M46:M47) | P46: =_xlfn.STDEV.S(M46,M47) | S46: =+(((K46-I46)/1000)*1000)/10 | T46: =AVERAGE(S46:S47)
A47: 3978 | B47: 8 | C47: T105 | D47: 4 | G47: 15 | H47: 43599 | I47: 5221 | J47: 7741 | K47: 6980 | M47: =+(((J47-I47)-(K47-I47))/(K47-I47))*100 | S47: =+(((K47-I47)/1000)*1000)/10
A48: 4623 | B48: 7 | C48: T105 | D48: 5 | G48: 17 | H48: 43619 | I48: 5232 | J48: 8786 | K48: 7894 | M48: =+(((J48-I48)-(K48-I48))/(K48-I48))*100 | O48: =AVERAGE(M48:M49) | P48: =_xlfn.STDEV.S(M48,M49) | S48: =+(((K48-I48)/1000)*1000)/10 | T48: =AVERAGE(S48:S49)
A49: 4624 | B49: 8 | C49: T105 | D49: 6 | G49: 17 | H49: 43619 | I49: 5221 | J49: 8937 | K49: 8017 | M49: =+(((J49-I49)-(K49-I49))/(K49-I49))*100 | S49: =+(((K49-I49)/1000)*1000)/10
A50: 5763 | B50: 5 | C50: T105 | D50: 7 | G50: 22 | H50: 43685 | I50: 5236 | J50: 7972 | K50: 7593 | L50: 9 | M50: =+(((J50-I50)-(K50-I50))/(K50-I50))*100 | O50: =AVERAGE(M50:M51) | P50: =_xlfn.STDEV.S(M50,M51) | Q50: =(O48-O50)/66 | R50: =(O44-O50)/98 | S50: =+(((K50-I50)/1000)*1000)/10 | T50: =AVERAGE(S50:S51)
A51: 5764 | B51: 5 | C51: T105 | D51: 8 | G51: 22 | H51: 43685 | I51: 5236 | J51: 8265 | K51: 7833 | M51: =+(((J51-I51)-(K51-I51))/(K51-I51))*100 | S51: =+(((K51-I51)/1000)*1000)/10
A52: 3253 | B52: 9 | C52: T106 | D52: 1 | G52: 13 | H52: 43587 | I52: 5188 | J52: 7735 | K52: 7195 | L52: 1 | M52: =+(((J52-I52)-(K52-I52))/(K52-I52))*100 | N52: MF | O52: =AVERAGE(M52:M53) | P52: =_xlfn.STDEV.S(M52,M53) | Q52: 1 | S52: =+(((K52-I52)/1000)*1000)/10 | T52: =AVERAGE(S52:S53)
A53: 3254 | B53: 10 | C53: T106 | D53: 2 | G53: 13 | H53: 43587 | I53: 5232 | J53: 7844 | K53: 7289 | M53: =+(((J53-I53)-(K53-I53))/(K53-I53))*100 | S53: =+(((K53-I53)/1000)*1000)/10
A54: 3979 | B54: 9 | C54: T106 | D54: 3 | G54: 15 | H54: 43599 | I54: 5188 | J54: 8367 | K54: 7635 | M54: =+(((J54-I54)-(K54-I54))/(K54-I54))*100 | O54: =AVERAGE(M54:M55) | P54: =_xlfn.STDEV.S(M54,M55) | R54: =(O54-O56)/19 | S54: =+(((K54-I54)/1000)*1000)/10 | T54: =AVERAGE(S54:S55)
A55: 3980 | B55: 10 | C55: T106 | D55: 4 | G55: 15 | H55: 43599 | I55: 5232 | J55: 8372 | K55: 7663 | M55: =+(((J55-I55)-(K55-I55))/(K55-I55))*100 | S55: =+(((K55-I55)/1000)*1000)/10
A56: 4625 | B56: 9 | C56: T106 | D56: 5 | G56: 17 | H56: 43619 | I56: 5188 | J56: 7778 | K56: 7353 | M56: =+(((J56-I56)-(K56-I56))/(K56-I56))*100 | O56: =AVERAGE(M56:M57) | P56: =_xlfn.STDEV.S(M56,M57) | S56: =+(((K56-I56)/1000)*1000)/10 | T56: =AVERAGE(S56:S57)
A57: 4626 | B57: 10 | C57: T106 | D57: 6 | G57: 17 | H57: 43619 | I57: 5232 | J57: 7638 | K57: 7245 | M57: =+(((J57-I57)-(K57-I57))/(K57-I57))*100 | S57: =+(((K57-I57)/1000)*1000)/10
A58: 5269 | B58: 7 | C58: T106 | D58: 7 | G58: 19 | H58: 43637 | I58: 5232 | J58: 7941 | K58: 7423 | L58: 6 | M58: =+(((J58-I58)-(K58-I58))/(K58-I58))*100 | O58: =AVERAGE(M58:M59) | P58: =_xlfn.STDEV.S(M58,M59) | S58: =+(((K58-I58)/1000)*1000)/10 | T58: =AVERAGE(S58:S59)
A59: 5270 | B59: 8 | C59: T106 | D59: 8 | G59: 19 | H59: 43637 | I59: 5221 | J59: 8003 | K59: 7422 | M59: =+(((J59-I59)-(K59-I59))/(K59-I59))*100 | S59: =+(((K59-I59)/1000)*1000)/10
A60: 5511 | B60: 3 | C60: T106 | D60: 9 | G60: 20 | H60: 43649 | I60: 5258 | J60: 7030 | K60: 6705 | L60: 10 | M60: =+(((J60-I60)-(K60-I60))/(K60-I60))*100 | O60: =AVERAGE(M60:M61) | P60: =_xlfn.STDEV.S(M60,M61) | S60: =+(((K60-I60)/1000)*1000)/10 | T60: =AVERAGE(S60:S61)
A61: 5512 | B61: 4 | C61: T106 | D61: 10 | G61: 20 | H61: 43649 | I61: 5259 | J61: 6983 | K61: 6663 | M61: =+(((J61-I61)-(K61-I61))/(K61-I61))*100 | S61: =+(((K61-I61)/1000)*1000)/10
A62: 5765 | B62: 6 | C62: T106 | D62: 11 | G62: 22 | H62: 43685 | I62: 5259 | J62: 7506 | K62: 7206 | L62: 6 | M62: =+(((J62-I62)-(K62-I62))/(K62-I62))*100 | O62: =AVERAGE(M62:M63) | P62: =_xlfn.STDEV.S(M62,M63) | Q62: =(O60-O62)/36 | R62: =(O54-O62)/86 | S62: =+(((K62-I62)/1000)*1000)/10 | T62: =AVERAGE(S62:S63)
A63: 5766 | B63: 6 | C63: T106 | D63: 12 | G63: 22 | H63: 43685 | I63: 5259 | J63: 7438 | K63: 7136 | M63: =+(((J63-I63)-(K63-I63))/(K63-I63))*100 | S63: =+(((K63-I63)/1000)*1000)/10
A64: 3629 | B64: 51 | C64: T107 | D64: 1 | G64: 14 | H64: 43591 | I64: 5234 | J64: 8441 | K64: 7183 | L64: 2 | M64: =+(((J64-I64)-(K64-I64))/(K64-I64))*100 | N64: 1/4 | O64: =AVERAGE(M64:M65) | P64: =_xlfn.STDEV.S(M64,M65) | Q64: 3 | S64: =+(((K64-I64)/1000)*1000)/10 | T64: =AVERAGE(S64:S65)
A65: 3630 | B65: 52 | C65: T107 | D65: 2 | G65: 14 | H65: 43591 | I65: 5234 | J65: 8380 | K65: 7154 | M65: =+(((J65-I65)-(K65-I65))/(K65-I65))*100 | S65: =+(((K65-I65)/1000)*1000)/10
A66: 4297 | B66: 3 | C66: T107 | D66: 3 | G66: 16 | H66: 43607 | I66: 5258 | J66: 7982 | K66: 7272 | L66: 2 | M66: =+(((J66-I66)-(K66-I66))/(K66-I66))*100 | N66: MF | O66: =AVERAGE(M66:M67) | P66: =_xlfn.STDEV.S(M66,M67) | S66: =+(((K66-I66)/1000)*1000)/10 | T66: =AVERAGE(S66:S67)
A67: 4298 | B67: 4 | C67: T107 | D67: 4 | G67: 16 | H67: 43607 | I67: 5259 | J67: 8057 | K67: 7357 | M67: =+(((J67-I67)-(K67-I67))/(K67-I67))*100 | S67: =+(((K67-I67)/1000)*1000)/10
A68: 4943 | B68: 3 | C68: T107 | D68: 5 | G68: 18 | H68: 43626 | I68: 5258 | J68: 8008 | K68: 7379 | L68: 10 | M68: =+(((J68-I68)-(K68-I68))/(K68-I68))*100 | O68: =AVERAGE(M68:M69) | P68: =_xlfn.STDEV.S(M68,M69) | S68: =+(((K68-I68)/1000)*1000)/10 | T68: =AVERAGE(S68:S69)
A69: 4944 | B69: 4 | C69: T107 | D69: 6 | G69: 18 | H69: 43626 | I69: 5259 | J69: 8327 | K69: 7601 | M69: =+(((J69-I69)-(K69-I69))/(K69-I69))*100 | S69: =+(((K69-I69)/1000)*1000)/10
A70: 5767 | B70: 7 | C70: T107 | D70: 7 | G70: 22 | H70: 43685 | I70: 5232 | J70: 7382 | K70: 7075 | L70: 6 | M70: =+(((J70-I70)-(K70-I70))/(K70-I70))*100 | O70: =AVERAGE(M70:M71) | P70: =_xlfn.STDEV.S(M70,M71) | S70: =+(((K70-I70)/1000)*1000)/10 | T70: =AVERAGE(S70:S71)
A71: 5768 | B71: 7 | C71: T107 | D71: 8 | G71: 22 | H71: 43685 | I71: 5232 | J71: 7515 | K71: 7193 | M71: =+(((J71-I71)-(K71-I71))/(K71-I71))*100 | S71: =+(((K71-I71)/1000)*1000)/10
A72: 3255 | B72: 11 | C72: T108 | D72: 1 | G72: 13 | H72: 43587 | I72: 5213 | J72: 9335 | K72: 8213 | L72: 1 | M72: =+(((J72-I72)-(K72-I72))/(K72-I72))*100 | N72: 1/2 | O72: =AVERAGE(M72:M73) | P72: =_xlfn.STDEV.S(M72,M73) | Q72: 1 | S72: =+(((K72-I72)/1000)*1000)/10 | T72: =AVERAGE(S72:S73)
A73: 3256 | B73: 12 | C73: T108 | D73: 2 | G73: 13 | H73: 43587 | I73: 5232 | J73: 8372 | K73: 7464 | M73: =+(((J73-I73)-(K73-I73))/(K73-I73))*100 | S73: =+(((K73-I73)/1000)*1000)/10
A74: 3981 | B74: 11 | C74: T108 | D74: 3 | G74: 15 | H74: 43599 | I74: 5213 | J74: 8163 | K74: 7487 | M74: =+(((J74-I74)-(K74-I74))/(K74-I74))*100 | N74: MF | O74: =AVERAGE(M74:M75) | P74: =_xlfn.STDEV.S(M74,M75) | R74: =(O74-O76)/19 | S74: =+(((K74-I74)/1000)*1000)/10 | T74: =AVERAGE(S74:S75)
A75: 3982 | B75: 12 | C75: T108 | D75: 4 | G75: 15 | H75: 43599 | I75: 5232 | J75: 8180 | K75: 7478 | M75: =+(((J75-I75)-(K75-I75))/(K75-I75))*100 | S75: =+(((K75-I75)/1000)*1000)/10
A76: 4627 | B76: 11 | C76: T108 | D76: 5 | G76: 17 | H76: 43619 | I76: 5213 | J76: 8092 | K76: 7581 | M76: =+(((J76-I76)-(K76-I76))/(K76-I76))*100 | O76: =AVERAGE(M76:M77) | P76: =_xlfn.STDEV.S(M76,M77) | S76: =+(((K76-I76)/1000)*1000)/10 | T76: =AVERAGE(S76:S77)
A77: 4628 | B77: 12 | C77: T108 | D77: 6 | G77: 17 | H77: 43619 | I77: 5232 | J77: 8128 | K77: 7605 | M77: =+(((J77-I77)-(K77-I77))/(K77-I77))*100 | S77: =+(((K77-I77)/1000)*1000)/10
A78: 5271 | B78: 9 | C78: T108 | D78: 7 | G78: 19 | H78: 43637 | I78: 5188 | J78: 8018 | K78: 7490 | L78: 7 | M78: =+(((J78-I78)-(K78-I78))/(K78-I78))*100 | O78: =AVERAGE(M78:M79) | P78: =_xlfn.STDEV.S(M78,M79) | S78: =+(((K78-I78)/1000)*1000)/10 | T78: =AVERAGE(S78:S79)
A79: 5272 | B79: 10 | C79: T108 | D79: 8 | G79: 19 | H79: 43637 | I79: 5232 | J79: 7938 | K79: 7429 | M79: =+(((J79-I79)-(K79-I79))/(K79-I79))*100 | S79: =+(((K79-I79)/1000)*1000)/10
A80: 5555 | B80: 47 | C80: T108 | D80: 9 | G80: 20 | H80: 43649 | I80: 5258 | J80: 8511 | K80: 7893 | L80: 8 | M80: =+(((J80-I80)-(K80-I80))/(K80-I80))*100 | O80: =AVERAGE(M80:M81) | P80: =_xlfn.STDEV.S(M80,M81) | S80: =+(((K80-I80)/1000)*1000)/10 | T80: =AVERAGE(S80:S81)
A81: 5556 | B81: 48 | C81: T108 | D81: 10 | G81: 20 | H81: 43649 | I81: 5245 | J81: 8211 | K81: 7662 | M81: =+(((J81-I81)-(K81-I81))/(K81-I81))*100 | S81: =+(((K81-I81)/1000)*1000)/10
A82: 5769 | B82: 8 | C82: T108 | D82: 11 | G82: 22 | H82: 43685 | I82: 5221 | J82: 7729 | K82: 7390 | L82: 8 | M82: =+(((J82-I82)-(K82-I82))/(K82-I82))*100 | O82: =AVERAGE(M82:M83) | P82: =_xlfn.STDEV.S(M82,M83) | Q82: =(O80-O82)/36 | R82: =(O74-O82)/86 | S82: =+(((K82-I82)/1000)*1000)/10 | T82: =AVERAGE(S82:S83)
A83: 5770 | B83: 8 | C83: T108 | D83: 12 | G83: 22 | H83: 43685 | I83: 5221 | J83: 7960 | K83: 7597 | M83: =+(((J83-I83)-(K83-I83))/(K83-I83))*100 | S83: =+(((K83-I83)/1000)*1000)/10
A84: 3631 | B84: 53 | C84: T109 | D84: 1 | G84: 14 | H84: 43591 | I84: 5232 | J84: 8019 | K84: 7151 | L84: 2 | M84: =+(((J84-I84)-(K84-I84))/(K84-I84))*100 | N84: MF | O84: =AVERAGE(M84:M85) | P84: =_xlfn.STDEV.S(M84,M85) | Q84: 3 | S84: =+(((K84-I84)/1000)*1000)/10 | T84: =AVERAGE(S84:S85)
A85: 3632 | B85: 54 | C85: T109 | D85: 2 | G85: 14 | H85: 43591 | I85: 5271 | J85: 8471 | K85: 7442 | M85: =+(((J85-I85)-(K85-I85))/(K85-I85))*100 | S85: =+(((K85-I85)/1000)*1000)/10
A86: 4299 | B86: 5 | C86: T109 | D86: 3 | G86: 16 | H86: 43607 | I86: 5236 | J86: 8174 | K86: 7414 | L86: 2 | M86: =+(((J86-I86)-(K86-I86))/(K86-I86))*100 | O86: =AVERAGE(M86:M87) | P86: =_xlfn.STDEV.S(M86,M87) | S86: =+(((K86-I86)/1000)*1000)/10 | T86: =AVERAGE(S86:S87)
A87: 4300 | B87: 6 | C87: T109 | D87: 4 | G87: 16 | H87: 43607 | I87: 5259 | J87: 8176 | K87: 7417 | M87: =+(((J87-I87)-(K87-I87))/(K87-I87))*100 | S87: =+(((K87-I87)/1000)*1000)/10
A88: 4945 | B88: 5 | C88: T109 | D88: 5 | G88: 18 | H88: 43626 | I88: 5236 | J88: 7916 | K88: 7345 | L88: 9 | M88: =+(((J88-I88)-(K88-I88))/(K88-I88))*100 | O88: =AVERAGE(M88:M89) | P88: =_xlfn.STDEV.S(M88,M89) | S88: =+(((K88-I88)/1000)*1000)/10 | T88: =AVERAGE(S88:S89)
A89: 4946 | B89: 6 | C89: T109 | D89: 6 | G89: 18 | H89: 43626 | I89: 5259 | J89: 8105 | K89: 7504 | M89: =+(((J89-I89)-(K89-I89))/(K89-I89))*100 | S89: =+(((K89-I89)/1000)*1000)/10
A90: 5559 | B90: 3 | C90: T109 | D90: 7 | G90: 21 | H90: 43657 | I90: 5258 | J90: 7938 | K90: 7455 | L90: 9 | M90: =+(((J90-I90)-(K90-I90))/(K90-I90))*100 | O90: =AVERAGE(M90:M91) | P90: =_xlfn.STDEV.S(M90,M91) | S90: =+(((K90-I90)/1000)*1000)/10 | T90: =AVERAGE(S90:S91)
A91: 5560 | B91: 4 | C91: T109 | D91: 8 | G91: 21 | H91: 43657 | I91: 5259 | J91: 7718 | K91: 7271 | M91: =+(((J91-I91)-(K91-I91))/(K91-I91))*100 | S91: =+(((K91-I91)/1000)*1000)/10
A92: 5771 | B92: 9 | C92: T109 | D92: 9 | G92: 22 | H92: 43685 | I92: 5188 | J92: 7540 | K92: 7209 | L92: 8 | M92: =+(((J92-I92)-(K92-I92))/(K92-I92))*100 | O92: =AVERAGE(M92:M93) | P92: =_xlfn.STDEV.S(M92,M93) | S92: =+(((K92-I92)/1000)*1000)/10 | T92: =AVERAGE(S92:S93)
A93: 5772 | B93: 9 | C93: T109 | D93: 10 | G93: 22 | H93: 43685 | I93: 5188 | J93: 7398 | K93: 7087 | M93: =+(((J93-I93)-(K93-I93))/(K93-I93))*100 | S93: =+(((K93-I93)/1000)*1000)/10
A94: 3633 | B94: 55 | C94: T111 | D94: 1 | G94: 14 | H94: 43591 | I94: 5269 | J94: 8092 | K94: 7415 | L94: 2 | M94: =+(((J94-I94)-(K94-I94))/(K94-I94))*100 | N94: MF | O94: =AVERAGE(M94:M95) | P94: =_xlfn.STDEV.S(M94,M95) | Q94: 2 | S94: =+(((K94-I94)/1000)*1000)/10 | T94: =AVERAGE(S94:S95)
A95: 3634 | B95: 56 | C95: T111 | D95: 2 | G95: 14 | H95: 43591 | I95: 5254 | J95: 8214 | K95: 7508 | M95: =+(((J95-I95)-(K95-I95))/(K95-I95))*100 | S95: =+(((K95-I95)/1000)*1000)/10
A96: 4301 | B96: 7 | C96: T111 | D96: 3 | G96: 16 | H96: 43607 | I96: 5232 | J96: 7659 | K96: 7204 | L96: 2 | M96: =+(((J96-I96)-(K96-I96))/(K96-I96))*100 | O96: =AVERAGE(M96:M97) | P96: =_xlfn.STDEV.S(M96,M97) | S96: =+(((K96-I96)/1000)*1000)/10 | T96: =AVERAGE(S96:S97)
A97: 4302 | B97: 8 | C97: T111 | D97: 4 | G97: 16 | H97: 43607 | I97: 5221 | J97: 7662 | K97: 7196 | M97: =+(((J97-I97)-(K97-I97))/(K97-I97))*100 | S97: =+(((K97-I97)/1000)*1000)/10
A98: 4947 | B98: 7 | C98: T111 | D98: 5 | G98: 18 | H98: 43626 | I98: 5232 | J98: 8216 | K98: 7726 | L98: 7 | M98: =+(((J98-I98)-(K98-I98))/(K98-I98))*100 | O98: =AVERAGE(M98:M99) | P98: =_xlfn.STDEV.S(M98,M99) | S98: =+(((K98-I98)/1000)*1000)/10 | T98: =AVERAGE(S98:S99)
A99: 4948 | B99: 8 | C99: T111 | D99: 6 | G99: 18 | H99: 43626 | I99: 5221 | J99: 8172 | K99: 7684 | M99: =+(((J99-I99)-(K99-I99))/(K99-I99))*100 | S99: =+(((K99-I99)/1000)*1000)/10
A100: 5513 | B100: 5 | C100: T111 | D100: 7 | G100: 20 | H100: 43649 | I100: 5236 | J100: 7395 | K100: 7015 | L100: 8 | M100: =+(((J100-I100)-(K100-I100))/(K100-I100))*100 | O100: =AVERAGE(M100:M101) | P100: =_xlfn.STDEV.S(M100,M101) | S100: =+(((K100-I100)/1000)*1000)/10 | T100: =AVERAGE(S100:S101)
...

Sheet PlotEntry
A1: PLOT | B1: ENTRY
A2: 101 | B2: 60
A3: 102 | B3: 85
A4: 103 | B4: 129
A5: 104 | B5: 64
A6: 105 | B6: 95
A7: 106 | B7: 134
A8: 107 | B8: 16
A9: 108 | B9: 108
A10: 109 | B10: 145
A11: 110 | B11: 57
A12: 111 | B12: 123
A13: 112 | B13: 29
... A337: 468 | B337: 145
